type,时间,综合评价
1,1924,-4.448026426
1,1925,1.230356012
1,1926,-3.604000738
1,1927,-2.624272485
1,1928,-2.335874525
1,1929,-1.096366418
1,1930,0.143141689
1,1930,0.143141689
1,1931,-0.847590409
1,1932,-1.838322506
1,1932,-1.838322506
1,1933,0.931266735
1,1934,-3.354393214
1,1935,-1.166297972
1,1936,-2.780997403
1,1937,-0.723354456
1,1938,-1.465318753
1,1939,-0.764857282
1,1940,-0.826549992
1,1941,-2.345092378
1,1942,-1.552565356
1,1943,-2.093024903
1,1944,-0.727449958
1,1945,-1.110225548
1,1946,-0.801676698
1,1947,-2.334386258
1,1948,-1.09232531
1,1949,-1.454448742
1,1950,-0.946771576
1,1951,-0.796430788
1,1952,-0.581646012
1,1953,-1.035711232
1,1954,-0.104818077
1,1955,-0.15853028
1,1956,0.099004021
1,1957,0.350113218
1,1958,0.177412903
1,1959,0.570669118
1,1960,0.38970993
1,1961,0.102570002
1,1962,0.078897693
1,1963,0.242211929
1,1964,0.318902527
1,1965,0.262520833
1,1966,0.075308432
1,1967,0.213967169
1,1968,0.543002478
1,1969,0.539490807
1,1970,0.522528731
1,1971,0.597723309
1,1972,0.514402773
1,1973,0.563271152
1,1974,0.504657553
1,1975,0.654243243
1,1976,0.620401699
1,1977,0.545808961
1,1978,0.620578677
1,1979,0.605052502
1,1980,0.413239293
1,1981,0.334129795
1,1982,0.37373155
1,1983,0.520581353
1,1984,0.454991076
1,1985,0.479995817
1,1986,0.419649389
1,1987,0.353857366
1,1988,0.432923142
1,1989,0.368634137
1,1990,0.479793384
1,1991,0.712196344
1,1992,0.651606058
1,1993,0.746521199
1,1994,0.578943891
1,1995,0.637308759
1,1996,0.696516484
1,1997,1.014719434
1,1998,0.781927796
1,1999,0.756436313
1,2000,0.780842676
1,2001,0.803090119
1,2002,0.778200357
1,2003,0.833967441
1,2004,0.634948158
1,2005,0.803288901
1,2006,0.78133046
1,2007,0.779725621
1,2008,0.650729638
1,2009,0.656815157
1,2010,0.761909489
1,2011,0.72232091
1,2012,0.811829143
1,2013,1.159597621
1,2014,0.864791984
1,2015,0.992214108
1,2016,1.40510895
1,2017,1.414279445
1,2018,1.446040909
1,2019,1.612111066
2,1927,-1.10460683
2,1928,-3.668176149
2,1929,-3.292209525
2,1930,-2.916242901
2,1930,-2.916242901
2,1931,-2.479513213
2,1932,-2.042783524
2,1933,-1.606053835
2,1933,-1.606053835
2,1934,-0.853265546
2,1935,-1.975801235
2,1936,-1.851130906
2,1937,-1.726460576
2,1937,-1.726460576
2,1938,-1.222200768
2,1939,-0.71794096
2,1939,-0.71794096
2,1940,-0.063230069
2,1941,-0.572330523
2,1942,-1.736971998
2,1943,-1.279986418
2,1944,-0.823000838
2,1944,-0.823000838
2,1945,-3.436736335
2,1946,-1.318351179
2,1947,-1.696445483
2,1948,0.050214174
2,1949,-0.607595232
2,1950,-0.408525124
2,1951,-1.487918344
2,1952,-0.522161442
2,1953,-0.663761895
2,1954,-1.82512202
2,1955,-1.421240961
2,1956,-1.045290745
2,1957,-0.773036191
2,1958,-0.875577821
2,1959,-0.621354316
2,1960,-0.790865483
2,1961,-0.760809111
2,1962,-1.11416758
2,1963,-0.857678858
2,1964,-0.588394335
2,1965,-0.316972188
2,1966,0.153126547
2,1967,-0.282663117
2,1968,1.070888473
2,1969,0.435839975
2,1970,0.204862494
2,1971,0.121785038
2,1972,0.138070147
2,1973,0.845056441
2,1974,0.296909505
2,1975,0.250727336
2,1976,0.698654671
2,1977,0.787818839
2,1978,0.621307494
2,1979,0.538170046
2,1980,1.088305502
2,1981,0.058119826
2,1982,1.001117709
2,1983,1.161830788
2,1984,0.695837979
2,1985,0.346282568
2,1986,0.624677476
2,1987,0.342096057
2,1988,0.236231987
2,1989,0.341045133
2,1990,-0.198320774
2,1991,0.669258664
2,1992,0.691995768
2,1993,0.199358661
2,1994,0.337476843
2,1995,1.132772393
2,1996,0.334559146
2,1997,0.664029119
2,1998,0.56011538
2,1999,0.447035852
2,2000,0.570593949
2,2001,1.531545811
2,2002,0.960141716
2,2003,0.631765745
2,2004,1.095412929
2,2005,1.092421794
2,2006,1.011260563
2,2007,1.911834094
2,2008,0.980984798
2,2009,0.95005369
2,2010,0.952829546
2,2011,0.591106918
2,2012,0.718339135
2,2013,1.602868872
2,2014,0.991858306
2,2015,0.834302228
2,2016,1.098058674
2,2017,1.242459869
2,2018,1.176228299
2,2019,1.54169793
3,1921,-2.113291332
3,1922,-2.449168396
3,1923,-2.78504546
3,1924,-3.120922524
3,1925,-3.456799588
3,1926,-3.792676652
3,1927,-4.128553716
3,1927,-4.128553716
3,1928,-1.300362014
3,1929,-2.27307658
3,1930,-3.290039322
3,1931,-3.232984734
3,1932,-3.140594936
3,1933,-2.43282268
3,1934,-2.206344944
3,1935,-1.979867209
3,1935,-1.979867209
3,1936,-1.595285672
3,1937,-2.002023387
3,1938,-2.408761103
3,1938,-2.408761103
3,1939,3.712501561
3,1940,-2.030179508
3,1941,-1.684710723
3,1942,-1.898805313
3,1943,-2.108543705
3,1944,-2.318282096
3,1944,-2.318282096
3,1945,-1.371908792
3,1946,-2.141494262
3,1947,-2.481884052
3,1948,-2.626172089
3,1949,-2.165375812
3,1950,-2.386958123
3,1951,-1.754205157
3,1952,-1.754604235
3,1953,-2.024848648
3,1954,-0.213655156
3,1955,-0.096909957
3,1956,0.955091261
3,1957,0.784346512
3,1958,0.061331982
3,1959,0.814602781
3,1960,-0.879509057
3,1961,-0.114491226
3,1962,0.199159436
3,1963,0.091371725
3,1964,-0.79598403
3,1965,0.476652582
3,1966,0.164226129
3,1967,0.095151618
3,1968,0.590619163
3,1969,-0.26128766
3,1970,-0.354263624
3,1971,0.641488875
3,1972,1.440602888
3,1973,0.675660233
3,1974,1.306029381
3,1975,1.063008269
3,1976,1.423861745
3,1977,1.251545032
3,1978,0.5709724
3,1979,0.561406326
3,1980,1.133203532
3,1981,0.550074452
3,1982,1.0042112
3,1983,1.816412764
3,1984,-0.24399198
3,1985,0.516959821
3,1986,0.552729294
3,1987,0.907668097
3,1988,0.78021163
3,1989,1.2016716
3,1990,0.329745818
3,1991,0.688448969
3,1992,0.831743145
3,1993,0.647468097
3,1994,0.589107028
3,1995,1.092587163
3,1996,1.000014132
3,1997,0.723037504
3,1998,1.057766914
3,1999,1.113363531
3,2000,1.352363698
3,2001,0.909016233
3,2002,0.72831581
3,2003,0.653043483
3,2004,1.055637967
3,2005,0.731843472
3,2006,1.346554365
3,2007,1.194141725
3,2008,1.397664516
3,2009,1.377703525
3,2010,1.324202717
3,2011,1.844554462
3,2012,0.389975082
3,2013,1.369081933
3,2014,-0.85354223
3,2015,2.065429149
3,2016,1.748645887
3,2017,0.575436315
3,2018,2.136928269
3,2019,1.468322633
4,1927,0.529894396
4,1928,0.299292314
4,1929,0.068690232
4,1930,-0.161911849
4,1931,-0.392513931
4,1932,-0.623116013
4,1933,-0.853718095
4,1934,-1.084320177
4,1935,-1.314922259
4,1935,-1.314922259
4,1936,-3.284408153
4,1937,-4.148755282
4,1938,-5.01310241
4,1938,-5.01310241
4,1939,-3.780462742
4,1940,-2.547823074
4,1941,-1.315183405
4,1941,-1.315183405
4,1942,-3.177425138
4,1943,-1.955203472
4,1944,-0.732981806
4,1944,-0.732981806
4,1945,-0.90677135
4,1946,0.200224882
4,1947,-1.814575174
4,1948,-1.666654172
4,1949,0.469630401
4,1950,-2.712715648
4,1951,-2.938218843
4,1952,0.226118962
4,1953,-3.18618434
4,1954,-0.801868045
4,1955,-2.252899725
4,1956,0.924104753
4,1957,-1.600220306
4,1958,-0.785413302
4,1959,-0.682960494
4,1960,-0.87693272
4,1961,-0.101043936
4,1962,-1.38140202
4,1963,0.430938848
4,1964,-0.535232731
4,1965,-0.977623293
4,1966,-0.034781643
4,1967,-0.550501624
4,1968,-0.800547515
4,1969,-0.241417056
4,1970,0.133759654
4,1971,0.367115041
4,1972,-0.25104625
4,1973,0.037893348
4,1974,-0.129484147
4,1975,0.096553606
4,1976,0.797256853
4,1977,0.213662237
4,1978,0.718812562
4,1979,0.158129256
4,1980,0.4052131
4,1981,-0.216547245
4,1982,0.712654025
4,1983,1.426403085
4,1984,1.314161668
4,1985,0.394015404
4,1986,0.583780563
4,1987,0.688429717
4,1988,-0.44780202
4,1989,0.280061398
4,1990,0.49165495
4,1991,0.879672241
4,1992,0.454698878
4,1993,1.375277272
4,1994,-0.095977298
4,1995,0.629375238
4,1996,-0.171079902
4,1997,0.800438015
4,1998,0.790286626
4,1999,1.17124337
4,2000,2.209378868
4,2001,0.453242828
4,2002,0.584431183
4,2003,0.734021941
4,2004,1.310722147
4,2005,1.180818661
4,2006,1.227012977
4,2007,0.132683802
4,2008,1.029042408
4,2009,0.902635888
4,2010,0.872565712
4,2011,0.929664441
4,2012,0.917856416
4,2013,0.869138521
4,2014,0.932843721
4,2015,1.64388339
4,2016,1.777495175
4,2017,1.20303691
4,2018,1.152800475
4,2019,1.916644779
5,1933,1.208365012
5,1934,0.753206472
5,1935,0.474923296
5,1936,0.19664012
5,1937,-0.081643057
5,1938,-0.359926233
5,1939,-0.638209409
5,1939,-0.638209409
5,1940,0.319230981
5,1941,1.276671371
5,1941,1.276671371
5,1942,1.135896507
5,1943,0.995121643
5,1944,0.854346778
5,1945,0.713571914
5,1945,0.713571914
5,1946,-2.016214128
5,1947,-2.354555054
5,1948,-0.926296614
5,1949,0.501961826
5,1950,1.930220265
5,1950,1.930220265
5,1951,1.349800553
5,1952,1.168483578
5,1953,0.987166604
5,1954,0.805849629
5,1954,0.805849629
5,1955,0.665730313
5,1956,0.525610997
5,1957,0.385491681
5,1957,0.385491681
5,1958,1.910705756
5,1959,1.707117677
5,1960,1.0682751
5,1961,-0.436000228
5,1962,0.547251879
5,1963,-0.123109493
5,1964,1.323872663
5,1965,0.274099182
5,1966,0.242006485
5,1967,0.977391108
5,1968,1.591910809
5,1969,0.687497034
5,1970,0.515530325
5,1971,0.744607065
5,1972,1.614231588
5,1973,0.444028786
5,1974,0.291927065
5,1975,-0.458936584
5,1976,0.373835146
5,1977,0.729737044
5,1978,1.085638943
5,1978,1.085638943
5,1979,-8.986295504
5,1980,-3.720235467
5,1981,1.54582457
5,1981,1.54582457
5,1982,1.298832571
5,1983,-10.69112147
5,1984,-2.00830925
5,1985,-4.93483218
5,1986,0.351571583
5,1987,1.47472791
5,1988,-1.514654087
5,1989,-2.459045101
5,1990,0.362989226
5,1991,0.804834489
5,1992,0.094842336
5,1993,-0.615149818
5,1993,-0.615149818
5,1994,-0.713114285
5,1995,1.036921147
5,1996,0.079577011
5,1997,0.23025693
5,1998,-1.863577257
5,1999,0.291528492
5,2000,0.24165559
5,2001,-3.03210002
5,2002,0.497225197
5,2003,0.649213334
5,2004,2.986712276
5,2005,0.394234449
5,2006,2.203156166
5,2007,1.266742413
5,2008,-0.081290273
5,2009,2.221935729
5,2010,0.906149268
5,2011,1.094333404
5,2012,-0.194657408
5,2013,0.424191073
5,2014,-1.009325021
5,2015,0.884243839
5,2016,-0.200329414
5,2017,-0.808846665
5,2018,-1.417363916
5,2018,-1.417363916
6,1936,-0.725082529
6,1937,-0.35616872
6,1938,0.012745088
6,1938,0.012745088
6,1939,-0.152438587
6,1940,-0.317622262
6,1941,-0.482805937
6,1942,-0.647989612
6,1943,-0.813173287
6,1944,-0.978356962
6,1944,-0.978356962
6,1945,-0.045144152
6,1946,0.888068658
6,1946,0.888068658
6,1947,1.44051553
6,1948,0.636468522
6,1949,-0.167578485
6,1949,-0.167578485
6,1950,0.700331042
6,1951,-0.045668584
6,1952,-0.791668209
6,1952,-0.791668209
6,1953,0.103844156
6,1954,-0.017461211
6,1955,0.382689247
6,1956,-0.102891641
6,1957,0.191406075
6,1958,0.125076881
6,1959,-0.585504613
6,1960,-0.337156657
6,1961,-0.336942718
6,1962,0.76358221
6,1963,0.569188569
6,1964,0.142112979
6,1965,-0.446730204
6,1966,0.463850341
6,1967,-0.479714543
6,1968,0.727506953
6,1969,0.653491555
6,1970,0.509058924
6,1971,0.033700684
6,1972,0.570130737
6,1973,0.857842781
6,1974,0.373941869
6,1975,1.590406282
6,1976,0.736946935
6,1977,2.111962172
6,1978,-0.748972412
6,1979,-1.066546264
6,1980,-0.491712896
6,1981,-0.647454303
6,1982,-0.418324068
6,1983,0.291009818
6,1984,0.276350128
6,1985,1.152006668
6,1986,1.508916919
6,1987,0.008679668
6,1988,-0.367425843
6,1989,0.493855852
6,1990,-3.753055395
6,1991,0.765715022
6,1992,-0.03430826
6,1993,0.058546115
6,1994,0.34363025
6,1995,-1.313835241
6,1996,1.16119001
6,1997,-0.657170964
6,1998,-0.520539392
6,1999,0.663664827
6,2000,-0.325176669
6,2001,0.323483265
6,2002,-0.065186605
6,2003,0.929234385
6,2004,1.514784485
6,2005,0.486434582
6,2006,0.492542618
6,2007,0.366116377
6,2008,-0.039633505
6,2009,-0.214933945
6,2010,-3.772109728
6,2011,0.604838091
6,2012,-0.16096317
6,2013,0.681075647
6,2014,1.152045281
6,2015,-1.781103316
6,2016,-0.563543018
6,2017,-5.786214999
6,2018,-0.204591087
6,2019,0.797917612
7,1927,-1.128109114
7,1928,-0.296397962
7,1929,0.53531319
7,1930,1.367024342
7,1930,1.367024342
7,1931,0.161598572
7,1932,-1.043827197
7,1933,-2.249252966
7,1933,-2.249252966
7,1934,-2.202276631
7,1935,-2.155300296
7,1936,-2.10832396
7,1937,-2.061347625
7,1938,-2.014371289
7,1939,-1.967394954
7,1940,-1.920418619
7,1941,-1.873442283
7,1941,-1.873442283
7,1942,-2.054002436
7,1943,-2.234562588
7,1944,-2.415122741
7,1945,-2.595682894
7,1945,-2.595682894
7,1946,-3.038730917
7,1947,-3.481778941
7,1947,-3.481778941
7,1948,-2.569458749
7,1949,-1.657138558
7,1949,-1.657138558
7,1950,0.978466124
7,1951,-2.460120249
7,1952,-2.770816378
7,1953,-0.407940754
7,1954,-3.340744862
7,1955,-0.304518738
7,1956,0.116758105
7,1957,-0.076017642
7,1958,-0.514170497
7,1959,-1.61222057
7,1960,0.007382107
7,1961,-0.333451439
7,1962,-0.614301782
7,1963,0.112360689
7,1964,-1.608788053
7,1965,-0.071128083
7,1966,-0.241718917
7,1967,-0.994647621
7,1968,-0.527404791
7,1969,0.126531167
7,1970,0.570851911
7,1971,0.12442851
7,1972,0.212698816
7,1973,0.81152759
7,1974,0.836626561
7,1975,0.225949888
7,1976,0.910367861
7,1977,-0.112215954
7,1978,0.543235529
7,1979,0.024455
7,1980,-0.282195847
7,1981,0.446053172
7,1982,0.005537466
7,1983,1.007309676
7,1984,0.407101612
7,1985,0.434824822
7,1986,0.15181717
7,1987,0.248889279
7,1988,0.400464204
7,1989,0.276062209
7,1990,-0.772714552
7,1991,0.389743145
7,1992,1.176314704
7,1993,-0.252091158
7,1994,-0.242954992
7,1995,0.115572647
7,1996,0.367688269
7,1997,0.867541615
7,1998,1.311344703
7,1999,0.636690249
7,2000,1.444386772
7,2001,1.208519496
7,2002,0.412816583
7,2003,0.613218705
7,2004,0.495158369
7,2005,1.198012848
7,2006,0.976668818
7,2007,0.648701684
7,2008,0.236988321
7,2009,0.656486223
7,2010,0.39565111
7,2011,0.82299867
7,2012,1.638468457
7,2013,0.642434493
7,2014,0.027366661
7,2015,0.690460664
7,2016,0.417191761
7,2017,0.821269999
7,2018,0.901809871
7,2019,0.784503693
8,1924,-3.692844222
8,1925,-3.972826598
8,1926,-4.252808974
8,1926,-4.252808974
8,1927,-2.825382737
8,1928,-3.298363745
8,1929,-1.906541902
8,1930,-0.514720059
8,1930,-0.514720059
8,1931,-1.438820954
8,1932,-2.36292185
8,1932,-2.36292185
8,1933,-0.541594832
8,1934,-1.21724037
8,1935,-1.632106818
8,1936,-0.860768372
8,1937,-0.621477792
8,1938,-0.792160263
8,1939,1.066105726
8,1940,-0.873693553
8,1941,-1.458650859
8,1942,-2.387708637
8,1943,-3.857298451
8,1944,-1.469714716
8,1945,-0.330933684
8,1946,-3.376006049
8,1947,-1.281021827
8,1948,-2.047649032
8,1949,-0.250711848
8,1950,-0.025879159
8,1951,-0.37079263
8,1952,0.172149666
8,1953,-0.291859061
8,1954,0.484187392
8,1955,-0.059076411
8,1956,0.215879705
8,1957,0.726883372
8,1958,0.460103866
8,1959,0.303985323
8,1960,0.445499952
8,1961,0.174898291
8,1962,0.248909655
8,1963,0.123760593
8,1964,0.598391106
8,1965,0.079679885
8,1966,0.03053851
8,1967,0.463241012
8,1968,0.432747927
8,1969,0.802690889
8,1970,0.467175728
8,1971,0.546767002
8,1972,0.716088008
8,1973,0.503557841
8,1974,0.322431476
8,1975,0.279966022
8,1976,0.350335282
8,1977,0.425510392
8,1978,0.486012176
8,1979,0.385483516
8,1980,0.318802874
8,1981,0.319172146
8,1982,0.401070231
8,1983,0.176116807
8,1984,0.012053961
8,1985,0.187269894
8,1986,0.088659037
8,1987,0.316661388
8,1988,0.14183556
8,1989,0.298393237
8,1990,0.594071474
8,1991,0.664281319
8,1992,1.037286732
8,1993,0.755954968
8,1994,0.490804275
8,1995,0.557353213
8,1996,0.83427008
8,1997,0.931887922
8,1998,0.504841066
8,1999,0.827668395
8,2000,0.887860834
8,2001,0.691620114
8,2002,0.871274932
8,2003,0.312741964
8,2004,0.796271952
8,2005,0.772131559
8,2006,0.853519911
8,2007,1.042672779
8,2008,0.778104194
8,2009,0.720727398
8,2010,0.730628021
8,2011,0.362343289
8,2012,1.198475777
8,2013,0.421671141
8,2014,0.958721566
8,2015,1.515990252
8,2016,1.393396698
8,2017,1.431185602
8,2018,1.567830604
8,2019,1.573206927
9,1926,-2.858299196
9,1927,-3.696312412
9,1928,-4.534325627
9,1928,-4.534325627
9,1929,-2.906588231
9,1930,-1.278850834
9,1930,-1.278850834
9,1931,-0.832444875
9,1932,-0.386038915
9,1932,-0.386038915
9,1933,-1.714901341
9,1934,-0.757902701
9,1935,-2.70250461
9,1936,-1.014108832
9,1937,-1.59625465
9,1938,-0.43479317
9,1939,-2.35624265
9,1940,-1.386361666
9,1941,-0.416480682
9,1941,-0.416480682
9,1942,-0.685495601
9,1943,-2.505455714
9,1944,-0.442347976
9,1945,-1.539116112
9,1946,-1.281288301
9,1947,-2.649664913
9,1948,-0.571985866
9,1949,-2.210272013
9,1950,-2.149114417
9,1951,-0.889576988
9,1952,-1.304539729
9,1953,-0.078392475
9,1954,-0.805973685
9,1955,-1.092340421
9,1956,-0.992278994
9,1957,-0.824441002
9,1958,-1.342830261
9,1959,-0.509896923
9,1960,-0.541645726
9,1961,-0.31545674
9,1962,0.097384778
9,1963,-0.617141393
9,1964,0.378513565
9,1965,0.008361225
9,1966,-0.266193171
9,1967,-0.467742218
9,1968,-0.134511279
9,1969,0.27545171
9,1970,-0.010305736
9,1971,0.269998929
9,1972,0.309078561
9,1973,0.317497528
9,1974,0.254524157
9,1975,0.268078198
9,1976,0.344865039
9,1977,0.298260276
9,1978,0.636867107
9,1979,0.873449572
9,1980,0.645461245
9,1981,0.241283283
9,1982,0.985019304
9,1983,0.822378098
9,1984,0.554712706
9,1985,0.58815731
9,1986,0.485129076
9,1987,0.223652833
9,1988,0.450823374
9,1989,0.658299354
9,1990,0.715687291
9,1991,0.63069691
9,1992,0.661010837
9,1993,0.359661401
9,1994,0.618110905
9,1995,0.559350778
9,1996,0.56137094
9,1997,0.895877818
9,1998,0.798090138
9,1999,1.168946972
9,2000,1.560734976
9,2001,1.166024565
9,2002,1.262326669
9,2003,1.194391155
9,2004,1.058332213
9,2005,1.164464607
9,2006,1.382077349
9,2007,1.508323749
9,2008,1.323945732
9,2009,1.104840102
9,2010,1.111228163
9,2011,1.367750883
9,2012,0.994872702
9,2013,1.308296628
9,2014,0.969798598
9,2015,1.177583406
9,2016,1.637186331
9,2017,1.498232239
9,2018,1.292748986
9,2019,1.433594355
10,1927,-4.681499921
10,1928,-3.651664456
10,1929,-2.62182899
10,1930,-1.591993524
10,1930,-1.591993524
10,1931,-1.907017693
10,1932,-2.142522469
10,1933,-2.378027244
10,1934,-2.613532019
10,1935,-2.849036794
10,1935,-2.849036794
10,1936,-2.700415655
10,1937,-2.138273871
10,1938,-1.406531063
10,1939,-0.674788255
10,1939,-0.674788255
10,1940,-1.380221695
10,1941,-2.085655136
10,1941,-2.085655136
10,1942,-4.16835761
10,1943,-3.265304539
10,1944,-2.362251468
10,1944,-2.362251468
10,1945,0.002692296
10,1946,-1.200284486
10,1947,-2.403261267
10,1947,-2.403261267
10,1948,-2.608407826
10,1949,-2.813554385
10,1949,-2.813554385
10,1950,-0.330719663
10,1951,-1.835244204
10,1952,-0.112075396
10,1953,-2.294029382
10,1954,-0.075879151
10,1955,-0.858355154
10,1956,0.092320599
10,1957,0.246890539
10,1958,-0.707777877
10,1959,0.467174531
10,1960,0.430334581
10,1961,0.343088039
10,1962,0.339154139
10,1963,0.8420426
10,1964,0.703597195
10,1965,0.666733357
10,1966,0.214501192
10,1967,0.573661681
10,1968,0.681236074
10,1969,0.487060043
10,1970,0.368852269
10,1971,0.847566049
10,1972,0.650502242
10,1973,0.363966445
10,1974,0.733857634
10,1975,0.250984753
10,1976,0.518087957
10,1977,0.18596491
10,1978,0.629914867
10,1979,0.502461731
10,1980,0.231908417
10,1981,0.694707405
10,1982,0.411534328
10,1983,-0.432300692
10,1984,-0.089843475
10,1985,0.321718524
10,1986,0.190646445
10,1987,0.787143935
10,1988,0.448897024
10,1989,0.637737106
10,1990,0.226782609
10,1991,0.573031924
10,1992,0.361482343
10,1993,0.490037029
10,1994,0.554973247
10,1995,0.763422197
10,1996,0.789704396
10,1997,0.76438336
10,1998,0.722883186
10,1999,0.592128123
10,2000,0.983195294
10,2001,1.01541779
10,2002,0.696646567
10,2003,0.630463906
10,2004,0.907745188
10,2005,0.982322757
10,2006,0.611826807
10,2007,0.28677189
10,2008,0.770426141
10,2009,0.527616138
10,2010,0.432661534
10,2011,0.10944966
10,2012,0.723799109
10,2013,0.59138006
10,2014,0.885000306
10,2015,1.131587393
10,2016,0.988872249
10,2017,1.203708631
10,2018,1.205951158
10,2019,1.30399689
11,1925,1.059968518
11,1926,-0.918449233
11,1927,-2.896866984
11,1927,-2.896866984
11,1928,1.7666073
11,1929,0.054119818
11,1930,-1.658367663
11,1931,-3.370855145
11,1931,-3.370855145
11,1932,-1.295406523
11,1933,-2.157614685
11,1934,-3.019822847
11,1935,-3.882031009
11,1935,-3.882031009
11,1936,-1.515560255
11,1937,-1.47039163
11,1938,-0.782308525
11,1939,-0.846162003
11,1940,-0.761836684
11,1941,0.178556117
11,1942,-2.27683872
11,1943,-2.656859014
11,1944,-0.361787731
11,1945,-0.586242579
11,1946,-2.114504963
11,1947,-3.021439994
11,1948,-1.400763629
11,1949,-1.034009504
11,1950,-0.883313299
11,1951,0.40562739
11,1952,-0.674571776
11,1953,-2.206807317
11,1954,0.017288202
11,1955,-0.299903448
11,1956,0.392242041
11,1957,0.755082792
11,1958,0.398172543
11,1959,0.578914347
11,1960,0.448352484
11,1961,-0.067423205
11,1962,0.248040136
11,1963,0.334132963
11,1964,0.618193465
11,1965,0.504055788
11,1966,0.419325946
11,1967,0.419907522
11,1968,-0.068011806
11,1969,0.072833536
11,1970,0.242737878
11,1971,0.293719071
11,1972,0.491057812
11,1973,0.156315128
11,1974,0.157584551
11,1975,0.34867737
11,1976,0.174074186
11,1977,0.101116945
11,1978,0.005453843
11,1979,0.018936107
11,1980,0.15737911
11,1981,0.198486513
11,1982,0.340240012
11,1983,-0.24594805
11,1984,0.361085962
11,1985,-0.246595119
11,1986,0.329767446
11,1987,0.11507309
11,1988,0.427490909
11,1989,0.089640643
11,1990,0.82806595
11,1991,0.554051134
11,1992,0.39545089
11,1993,0.494305992
11,1994,0.019152781
11,1995,-0.144101728
11,1996,0.526905146
11,1997,0.405717239
11,1998,0.671865636
11,1999,0.686019401
11,2000,0.26078842
11,2001,0.811308755
11,2002,1.077629257
11,2003,0.767762484
11,2004,0.794604306
11,2005,0.461011363
11,2006,0.95701975
11,2007,1.016747811
11,2008,0.224081593
11,2009,0.583142249
11,2010,0.676006234
11,2011,0.643899305
11,2012,0.877329636
11,2013,1.132979905
11,2014,1.050230812
11,2015,0.984808247
11,2016,0.938741176
11,2017,1.532847769
11,2018,1.094668103
11,2019,0.888776514
12,1936,-3.425648597
12,1937,-3.761356125
12,1938,-4.097063653
12,1939,-4.432771182
12,1939,-4.432771182
12,1940,-3.306278485
12,1941,-2.179785788
12,1941,-2.179785788
12,1942,-0.189486935
12,1943,-1.975269526
12,1944,-3.761052116
12,1944,-3.761052116
12,1945,-1.346378143
12,1946,-0.429895883
12,1947,0.486586376
12,1947,0.486586376
12,1948,-2.10102147
12,1949,-2.54954181
12,1950,-1.661340067
12,1951,-0.773138323
12,1951,-0.773138323
12,1952,-1.329989173
12,1953,-1.05145192
12,1954,0.048941699
12,1955,-1.955205474
12,1956,-1.33527477
12,1957,-1.191910925
12,1958,-0.587769139
12,1959,-1.185763623
12,1960,-0.133687633
12,1961,-1.10915516
12,1962,-1.183019284
12,1963,-0.868935812
12,1964,-0.406859997
12,1965,-0.112818689
12,1966,-0.439353688
12,1967,-0.501445882
12,1968,0.213993449
12,1969,1.209698385
12,1970,-0.031877643
12,1971,0.356614381
12,1972,0.51163741
12,1973,0.487417462
12,1974,0.035351784
12,1975,0.320404234
12,1976,0.042143233
12,1977,0.04486714
12,1978,0.340922207
12,1979,1.087721255
12,1980,0.532972817
12,1981,0.209902689
12,1982,0.81612672
12,1983,1.199191335
12,1984,0.398496598
12,1985,0.648487636
12,1986,-0.136311586
12,1987,0.223796377
12,1988,0.861511164
12,1989,0.841837462
12,1990,0.609836849
12,1991,0.814889604
12,1992,0.55318044
12,1993,-0.386873722
12,1994,-0.05010588
12,1995,0.6254611
12,1996,0.678886306
12,1997,1.105150665
12,1998,0.269610604
12,1999,0.801010189
12,2000,0.874327962
12,2001,0.98539093
12,2002,0.902309175
12,2003,-0.04225894
12,2004,0.470247683
12,2005,1.845961623
12,2006,0.635498881
12,2007,0.917193607
12,2008,0.397046479
12,2009,1.955829759
12,2010,1.258298294
12,2011,0.335988832
12,2012,0.714125498
12,2013,1.242793439
12,2014,1.135043117
12,2015,0.360372938
12,2016,0.710825749
12,2017,1.487168032
12,2018,0.596103824
12,2019,0.288101551
13,1925,-3.646365337
13,1926,-3.439898039
13,1927,-3.233430741
13,1928,-3.026963443
13,1929,-2.820496145
13,1930,-2.614028847
13,1931,-2.407561549
13,1932,-2.201094251
13,1933,-1.994626954
13,1934,-1.788159656
13,1935,-1.581692358
13,1936,-1.37522506
13,1937,-1.168757762
13,1938,-0.962290464
13,1939,-0.755823166
13,1940,-0.549355868
13,1940,-0.549355868
13,1941,-1.51132516
13,1942,-2.473294452
13,1942,-2.473294452
13,1943,-1.073777572
13,1944,-1.501691684
13,1945,-1.929605797
13,1945,-1.929605797
13,1946,-5.048323899
13,1947,-0.899422322
13,1948,-1.110446863
13,1949,-1.321471404
13,1949,-1.321471404
13,1950,-1.369098567
13,1951,-1.416725731
13,1952,-1.464352895
13,1952,-1.464352895
13,1953,-1.113373503
13,1954,0.354219017
13,1955,-2.330778025
13,1956,-0.901960912
13,1957,0.235290447
13,1958,-0.989823635
13,1959,0.142865499
13,1960,-0.540307845
13,1961,-0.554078752
13,1962,0.418408374
13,1963,0.807763262
13,1964,-0.232909442
13,1965,-0.045670911
13,1966,-0.436284986
13,1967,0.963076916
13,1968,0.115391964
13,1969,-0.048438247
13,1970,0.177128022
13,1971,0.1824926
13,1972,0.142416702
13,1973,-0.032080147
13,1974,0.080190606
13,1975,0.056197869
13,1976,0.086623256
13,1977,-0.055955823
13,1978,-0.075851072
13,1979,1.108163251
13,1980,1.057504861
13,1981,0.092501083
13,1982,-0.187187214
13,1983,1.498392585
13,1984,-0.049000909
13,1985,0.508523277
13,1986,1.510371882
13,1987,0.024741482
13,1988,0.44616234
13,1989,0.592294236
13,1990,0.144728414
13,1991,0.09455443
13,1992,-0.008321119
13,1993,0.899442887
13,1994,0.077985135
13,1995,0.338874116
13,1996,0.301996441
13,1997,-0.105429713
13,1998,0.272922607
13,1999,0.146603446
13,2000,0.386795123
13,2001,-0.013799141
13,2002,0.741699199
13,2003,0.404766637
13,2004,0.183954432
13,2005,0.633266715
13,2006,0.603365313
13,2007,0.102514983
13,2008,0.599588416
13,2009,0.704160289
13,2010,0.151435762
13,2011,0.75288568
13,2012,0.343965607
13,2013,0.344284002
13,2014,0.307274076
13,2015,0.777969326
13,2016,1.553589719
13,2017,0.589812304
13,2018,0.928667617
13,2019,2.033293369
14,1950,0.979805785
14,1951,1.064186424
14,1952,1.148567062
14,1953,1.2329477
14,1954,1.317328338
14,1955,1.401708976
14,1955,1.401708976
14,1956,0.778295701
14,1957,0.93671829
14,1958,1.095140878
14,1959,1.253563467
14,1959,1.253563467
14,1960,0.379778246
14,1961,0.496673087
14,1962,0.613567928
14,1963,0.730462768
14,1963,0.730462768
14,1964,2.931895106
14,1965,-0.719191376
14,1966,0.214507194
14,1967,0.705140794
14,1968,1.195774395
14,1968,1.195774395
14,1969,0.447329614
14,1970,0.018933309
14,1971,-0.516055049
14,1972,0.712044932
14,1973,0.717837338
14,1974,0.723629745
14,1974,0.723629745
14,1975,1.499455967
14,1976,2.275282188
14,1976,2.275282188
14,1977,0.667633276
14,1978,-0.764737138
14,1979,-0.417813395
14,1980,0.141750715
14,1981,0.218194912
14,1982,-0.406398268
14,1983,1.409474749
14,1984,-1.602740577
14,1985,-0.64463795
14,1986,0.313464678
14,1986,0.313464678
14,1987,-0.510339687
14,1988,-0.003674623
14,1989,-0.360322444
14,1990,-3.39643665
14,1991,-1.904406284
14,1992,-1.127925225
14,1993,-0.351444165
14,1993,-0.351444165
14,1994,-1.702487035
14,1995,0.315619574
14,1996,0.13052152
14,1997,0.915156054
14,1998,0.755225042
14,1999,0.981895414
14,2000,1.208565786
14,2000,1.208565786
14,2001,1.627733019
14,2002,-0.553294193
14,2003,-0.316698004
14,2004,-0.312701922
14,2005,-2.141653219
14,2006,-0.744594137
14,2007,-0.79899746
14,2008,0.152107694
14,2009,0.247560489
14,2010,0.205965912
14,2011,2.270347068
14,2012,-0.9647774
14,2013,-4.781811134
14,2014,-0.362346617
14,2015,-0.524601511
14,2016,-0.056955011
14,2017,0.410691488
14,2017,0.410691488
14,2018,-0.26093846
15,1933,-0.617128806
15,1934,-1.129606154
15,1935,-1.642083502
15,1935,-1.642083502
15,1936,-0.916283648
15,1937,-1.586047035
15,1938,-2.255810421
15,1939,-2.925573807
15,1940,-3.595337194
15,1940,-3.595337194
15,1941,-5.48076784
15,1942,-5.260847422
15,1943,-5.040927004
15,1943,-5.040927004
15,1944,-2.572430159
15,1945,-0.103933314
15,1945,-0.103933314
15,1946,-0.652394938
15,1947,-1.200856563
15,1947,-1.200856563
15,1948,-1.123715763
15,1949,-2.24106907
15,1950,-0.167061335
15,1951,-1.119772996
15,1952,-1.803105957
15,1953,-0.91633487
15,1954,-0.487893815
15,1955,-0.733687886
15,1956,-0.396224302
15,1957,-0.374099762
15,1958,0.162898648
15,1959,-0.6371504
15,1960,-0.724131273
15,1961,1.444863046
15,1962,-0.142694165
15,1963,0.794074901
15,1964,-0.34438511
15,1965,0.236646604
15,1966,0.365913312
15,1967,0.521426258
15,1968,0.135765586
15,1969,0.797267599
15,1970,-0.547675283
15,1971,0.409076896
15,1972,0.191674108
15,1973,0.555222447
15,1974,0.518882655
15,1975,0.789863009
15,1976,0.149997089
15,1977,0.651491131
15,1978,0.531417039
15,1979,0.501125519
15,1980,1.300930126
15,1981,0.867867906
15,1982,0.417734471
15,1983,0.630195388
15,1984,0.676926988
15,1985,0.810803535
15,1986,0.565524689
15,1987,0.686712499
15,1988,0.332999625
15,1989,0.590555763
15,1990,0.318717746
15,1991,0.016749217
15,1992,0.464358613
15,1993,0.581336256
15,1994,0.779514589
15,1995,-0.121017646
15,1996,0.810309431
15,1997,0.883564191
15,1998,0.71477224
15,1999,0.630232401
15,2000,0.470518186
15,2001,0.422842747
15,2002,0.491549769
15,2003,1.215225368
15,2004,0.975634284
15,2005,-0.309849114
15,2006,-0.248661586
15,2007,0.344547604
15,2008,0.867669703
15,2009,0.465210718
15,2010,0.261532497
15,2011,1.011796016
15,2012,1.061808231
15,2013,1.021043713
15,2014,0.731565794
15,2015,0.003524983
15,2016,0.422820454
15,2017,0.160679949
15,2018,-0.474469408
15,2019,0.803296322
16,1940,-2.894951194
16,1941,-3.137419776
16,1942,-3.379888357
16,1943,-3.622356938
16,1944,-3.86482552
16,1945,-4.107294101
16,1946,-4.349762683
16,1947,-4.592231264
16,1947,-4.592231264
16,1948,-3.004674785
16,1949,-1.417118305
16,1949,-1.417118305
16,1950,-2.22143839
16,1951,-2.248645988
16,1952,-2.275853585
16,1953,-2.303061183
16,1953,-2.303061183
16,1954,-0.881406917
16,1955,-1.246613169
16,1956,-2.330017526
16,1957,-1.080533672
16,1958,-0.945419135
16,1959,-1.17610466
16,1960,0.188772876
16,1961,-0.834621815
16,1962,-0.790104289
16,1963,-0.433381074
16,1964,0.011481679
16,1965,0.071154752
16,1966,1.231322551
16,1967,0.478222044
16,1968,0.750500436
16,1969,-0.000332973
16,1970,0.033507332
16,1971,0.660482187
16,1972,0.967293643
16,1973,0.532326873
16,1974,-0.207907629
16,1975,0.71394447
16,1976,1.424437591
16,1977,0.943154468
16,1978,-0.658715184
16,1979,0.388404317
16,1980,0.270705662
16,1981,0.970576072
16,1982,1.108236385
16,1983,0.13603743
16,1984,0.084521157
16,1985,-0.083530276
16,1986,0.058329708
16,1987,-0.203969939
16,1988,0.27930769
16,1989,0.034719517
16,1990,-0.179570619
16,1991,0.58888061
16,1992,-0.043208784
16,1993,0.166799909
16,1994,0.464408789
16,1995,0.786824778
16,1996,0.563653807
16,1997,0.601821828
16,1998,0.024841062
16,1999,0.321538155
16,2000,0.616849473
16,2001,0.61828332
16,2002,-0.323079502
16,2003,0.809859776
16,2004,0.567182564
16,2005,0.85080434
16,2006,0.485159343
16,2007,0.550838408
16,2008,0.840030084
16,2009,0.782241357
16,2010,0.561948439
16,2011,0.169258458
16,2012,0.591894867
16,2013,0.423175905
16,2014,0.501451752
16,2015,0.47712814
16,2016,0.606444635
16,2017,0.919145984
16,2018,-0.437721816
16,2019,-1.208166596
17,1947,-1.366051659
17,1948,-1.210030797
17,1949,-1.054009936
17,1950,-0.897989075
17,1951,-0.741968213
17,1952,-0.585947352
17,1953,-0.42992649
17,1953,-0.42992649
17,1954,0.001999683
17,1955,0.433925857
17,1956,0.86585203
17,1957,1.297778204
17,1958,1.729704377
17,1958,1.729704377
17,1959,1.307794469
17,1960,0.599131303
17,1961,0.206558208
17,1962,0.685822295
17,1963,1.165086383
17,1963,1.165086383
17,1964,-1.471037065
17,1965,-0.521878481
17,1966,0.427280102
17,1967,1.376438686
17,1967,1.376438686
17,1968,1.136266638
17,1969,0.896094589
17,1970,0.655922541
17,1971,0.415750492
17,1971,0.415750492
17,1972,0.66916702
17,1973,0.922583549
17,1974,1.176000077
17,1974,1.176000077
17,1975,1.597525113
17,1976,1.617592147
17,1977,-0.194338569
17,1978,0.490686518
17,1979,1.175711606
17,1979,1.175711606
17,1980,-0.000166212
17,1981,0.5435252
17,1982,1.087216611
17,1982,1.087216611
17,1983,0.38514197
17,1984,-0.316932671
17,1984,-0.316932671
17,1985,-0.256508603
17,1986,-5.309853676
17,1987,0.527553588
17,1988,-1.362846397
17,1989,0.757373202
17,1990,-1.718127804
17,1991,-3.8854441
17,1992,-0.002886842
17,1993,1.486921041
17,1994,0.652317963
17,1995,1.690596046
17,1996,0.324729
17,1997,1.040368982
17,1998,0.086783539
17,1999,1.291611202
17,2000,-0.616800025
17,2001,-0.630041506
17,2002,0.923725871
17,2003,1.69660015
17,2004,1.417807311
17,2005,1.54621902
17,2006,1.985666504
17,2007,-1.440367742
17,2008,2.468227709
17,2009,-2.570728189
17,2010,1.96703018
17,2011,-0.499713244
17,2012,0.223707077
17,2013,0.698707657
17,2014,-0.269589072
17,2015,-4.31638673
17,2016,-7.418768127
17,2017,1.039795696
17,2018,-1.238724909
17,2019,2.174469576
18,1928,-0.940119264
18,1929,-0.763907068
18,1930,-0.587694873
18,1930,-0.587694873
18,1931,-0.527715336
18,1932,-0.4677358
18,1933,-0.407756264
18,1934,-0.347776727
18,1935,-0.287797191
18,1936,-0.227817655
18,1937,-0.167838118
18,1938,-0.107858582
18,1939,-0.047879046
18,1940,0.012100491
18,1941,0.072080027
18,1941,0.072080027
18,1942,-0.273375445
18,1943,-0.618830917
18,1944,-0.964286389
18,1945,-1.30974186
18,1945,-1.30974186
18,1946,-3.772815786
18,1947,-4.154292406
18,1948,-1.407450982
18,1949,-2.137290448
18,1950,-1.658701101
18,1951,-0.535480115
18,1952,-0.99918901
18,1953,-1.462897904
18,1953,-1.462897904
18,1954,-1.211191
18,1955,-0.959484096
18,1955,-0.959484096
18,1956,-2.19243168
18,1957,-0.644851162
18,1958,0.902729356
18,1958,0.902729356
18,1959,1.19175558
18,1960,0.673815003
18,1961,-0.79220567
18,1962,-3.045948826
18,1963,-1.478569311
18,1964,0.215290978
18,1965,-1.226406895
18,1966,-1.89264737
18,1967,-2.183462242
18,1968,0.035468703
18,1969,0.39108279
18,1970,-0.897904734
18,1971,0.423592673
18,1972,0.161952902
18,1973,-1.001743085
18,1974,0.396392713
18,1975,-0.788602603
18,1976,0.670740013
18,1977,-0.153525571
18,1978,0.218411031
18,1979,1.327213569
18,1980,0.390616082
18,1981,0.72987374
18,1982,0.575325841
18,1983,-0.003780832
18,1984,0.533633788
18,1985,1.269214608
18,1986,2.672391978
18,1987,0.792324817
18,1988,1.865102441
18,1989,1.910661527
18,1990,-0.201406416
18,1991,0.335944386
18,1992,0.67981274
18,1993,-0.303492852
18,1994,-0.064253646
18,1995,0.693730987
18,1996,0.591805284
18,1997,1.223909327
18,1998,0.463557423
18,1999,0.557332119
18,2000,0.481112841
18,2001,0.513264312
18,2002,0.962124715
18,2003,0.810845111
18,2004,0.930268134
18,2005,0.614927091
18,2006,0.680453168
18,2007,0.661057713
18,2008,0.946729746
18,2009,1.156132011
18,2010,-0.251440014
18,2011,-0.018228148
18,2012,0.626032252
18,2013,0.594850924
18,2014,0.865556369
18,2015,-0.687944066
18,2016,1.449193147
18,2017,0.633080194
18,2018,0.826375759
18,2019,0.226324593
19,1958,0.539479018
19,1959,-0.498134467
19,1960,1.039582191
19,1961,1.158922055
19,1962,1.278261919
19,1963,1.397601783
19,1964,1.516941647
19,1965,1.636281511
19,1966,1.755621375
19,1967,1.874961239
19,1968,1.994301103
19,1969,2.113640967
19,1970,2.232980832
19,1971,2.352320696
19,1972,2.47166056
19,1972,2.47166056
19,1973,1.091235221
19,1974,-0.289190117
19,1975,-1.669615456
19,1976,-3.050040794
19,1977,-4.430466133
19,1977,-4.430466133
19,1978,-1.919335643
19,1979,0.591794846
19,1979,0.591794846
19,1980,0.196967116
19,1981,-0.197860613
19,1982,-0.592688343
19,1983,-0.987516072
19,1984,-1.382343802
19,1985,-1.777171531
19,1986,-2.171999261
19,1986,-2.171999261
19,1987,-1.77194839
19,1988,0.633280345
19,1989,0.629460626
19,1990,0.530593779
19,1991,0.761027734
19,1992,1.230892613
19,1993,-1.475615003
19,1994,1.266980691
19,1995,3.403903516
19,1996,0.655422995
19,1997,2.775017303
19,1998,2.042899501
19,1999,1.310781699
19,1999,1.310781699
19,2000,0.309905218
19,2001,-0.690971263
19,2002,-1.691847744
19,2003,-2.692724225
19,2003,-2.692724225
19,2004,2.495040049
19,2005,0.341197686
19,2006,1.134105113
19,2007,-0.111364027
19,2008,-3.426437856
19,2009,-4.318493336
19,2010,-1.429434307
19,2011,1.459624721
19,2011,1.459624721
19,2012,-3.338670164
19,2013,-1.90377765
19,2014,-0.468885137
19,2015,0.966007377
20,1928,-0.186547404
20,1929,-0.189363841
20,1930,-0.192180277
20,1931,-0.194996713
20,1932,-0.19781315
20,1933,-0.200629586
20,1934,-0.203446022
20,1935,-0.206262459
20,1936,-0.209078895
20,1937,-0.211895331
20,1938,-0.214711768
20,1939,-0.217528204
20,1940,-0.22034464
20,1941,-0.223161077
20,1942,-0.225977513
20,1943,-0.228793949
20,1944,-0.231610386
20,1945,-0.234426822
20,1946,-0.237243258
20,1947,-0.240059695
20,1948,-0.242876131
20,1949,-0.245692567
20,1950,-0.248509004
20,1951,-0.25132544
20,1952,-0.254141876
20,1953,-0.256958313
20,1954,-0.259774749
20,1955,-0.262591185
20,1956,-0.265407622
20,1957,-0.268224058
20,1958,-0.271040494
20,1959,-0.273856931
20,1960,-0.276673367
20,1961,-0.279489803
20,1962,-0.28230624
20,1963,-0.285122676
20,1964,-0.287939112
20,1965,-0.290755549
20,1966,-0.293571985
20,1967,-0.296388421
20,1968,-0.299204858
20,1969,-0.302021294
20,1970,-0.30483773
20,1971,-0.307654167
20,1972,-0.310470603
20,1973,-0.313287039
20,1974,-0.316103476
20,1975,-0.318919912
20,1976,-0.321736348
20,1977,-0.324552785
20,1978,-0.327369221
20,1979,-0.330185657
20,1980,-0.333002094
20,1981,-0.33581853
20,1982,-0.338634966
20,1983,-0.341451403
20,1984,-0.344267839
20,1985,-0.347084275
20,1986,-0.349900712
20,1987,-0.352717148
20,1988,-0.355533584
20,1989,-0.358350021
20,1990,-0.361166457
20,1991,-0.363982893
20,1992,-0.36679933
20,1993,-0.369615766
20,1994,-0.372432202
20,1995,-0.375248639
20,1996,-0.378065075
20,1997,-0.380881511
20,1998,-0.383697948
20,1999,-0.386514384
20,2000,-0.38933082
20,2001,-0.392147257
20,2002,-0.394963693
20,2002,-0.394963693
20,2003,0.102148079
20,2004,0.599259851
20,2004,0.599259851
20,2005,0.770064483
20,2006,0.940869114
20,2006,0.940869114
20,2007,0.855818915
20,2008,0.770768716
20,2008,0.770768716
20,2009,0.450951752
20,2010,0.131134789
20,2010,0.131134789
20,2011,1.45829896
20,2012,-0.402423769
20,2013,-4.757693138
20,2014,-2.810627156
20,2015,-0.863561175
20,2015,-0.863561175
20,2016,0.920648287
20,2017,2.704857749
