end,score
335,2.750932678529695
441,0.5627364438839849
1097,0.11426857901184158
1098,3.375077046562077
1113,0.08117228252784382
1163,0.2
1190,0.6651083938242022
1266,0.5060952684345871
1433,0.6911932134125031
1498,0.7668176480456299
1611,0.10840799668399068
2130,0.6322039125254609
2252,0.12571793235481812
2273,0.16473703776159734
2330,0.3178393496915944
2411,4.4350166421744435
3056,0.03830780629055163
3170,0.07668969691909493
3413,0.05820304602736034
3426,1.16750418760469
3595,2.186373264221322
3627,0.21765006645514257
3669,0.04515886942359799
3829,5.573429496063477
4451,0.10020242914979756
4852,3.6342750455364863
5307,0.6495078537225136
5366,0.08101819793368972
5441,2.9138437057710673
5501,0.6935495925650422
5882,6.607693964689574
5953,4.382957951258932
5980,0.17607442708554047
6143,0.4089205780621607
6232,1.0
6310,0.30105568126534243
6320,3.2309991687650395
6334,3.0355084460037
6563,0.11930544795528747
6613,1.5295994594883253
6855,0.21496806600886748
7230,0.23039654120194147
7305,0.09168360660251655
7448,1.8344530002142658
7689,4.799534365894925
7729,0.25157888013427515
7731,1.5344214040503785
7920,3.57201874338418
8125,0.03908959825566493
8245,0.1400808095013855
8549,0.42905971500562473
8828,3.9589127109053757
9084,1.5780131006859608
9218,0.4050579097919181
9441,0.07178932178932179
9680,2.1162242942136795
10412,0.793168721068824
10538,1.507576934988851
10982,0.4020907231632226
11028,1.4796532343333788
11046,0.06711635750421585
11242,0.06659800892550635
11620,0.05047219063820214
11707,2.0629087073974874
11754,0.8357378153105435
11910,0.19980927406970594
11970,0.20856538578899383
12128,0.20408542377107503
12180,0.7075782698194661
12472,1.7678185426991877
12491,0.13570642440017613
12644,1.2722795880124513
12654,1.547319134444949
12802,0.5212067982107238
12877,0.05412778112725025
13377,0.07345810492481783
13384,1.5381722192584768
13387,1.7536403771207463
13393,0.3752181253872362
13508,0.3748815363318852
13511,1.6200600061246515
14073,0.6235611764050941
14201,0.09645209551317847
14263,0.07091366268488236
14651,4.6739727175580255
14724,0.17320887498778226
15158,0.07722157547535895
15318,1.143385754440432
15694,0.6956442026366607
16132,0.33484095469605757
16186,0.3977415214608673
16281,1.5667213771095334
16361,0.2748102775801964
16438,0.4839661838205083
16448,0.4007953278122739
16574,0.1919299274353148
16759,1.825020247415975
16835,0.04822854586836115
16944,1.7308281331130808
17060,0.055357142857142855
17387,0.8643486389882227
17748,2.9240590405121467
17877,0.8620379621742009
17929,0.5906659048134393
17937,0.09196458840840063
18137,0.013759682297752348
18176,1.58023907771902
18258,3.7539993131962097
18977,1.7056695399790418
19241,1.5146643085063736
19297,2.6468246929543753
19435,0.8162359874914801
19701,3.7314875616902405
19740,0.19755888673465632
19892,0.6409303163399539
20050,0.44424452188420593
20278,3.269747029626775
20319,0.5847755374797101
20403,1.2354977201943227
20740,0.14337175792507206
20760,0.4117371140389636
20862,0.2014518137771651
20984,0.06167017863003499
21009,0.35285498751255534
21292,0.3802862277316489
21334,2.529419527754092
21578,1.4597021027140749
21744,0.6850874044785817
21747,0.7174429457156541
22124,6.626474068468179
22257,0.3332573186913899
22348,0.8329908718202261
22875,0.09251668700544248
22928,1.5968058520761912
23290,1.1189560281485291
24113,0.07171171171171171
24568,0.8121565810596186
24944,4.962992289486522
25047,0.3177983047077615
25394,0.3562678450871406
25462,1.3292284687840952
25778,0.7981844496870139
25857,0.27720614828209766
25899,0.08324593128390596
26023,0.5003681690186788
26164,1.3674972023564642
26193,0.20779144652619116
26350,0.41363698724104814
26367,0.3783325450619184
26510,0.31977318881529937
26520,1.4298713951108315
26825,0.10214669716169279
26952,0.1811467565204804
27136,0.613533917843602
27916,1.426747922927976
28002,1.3374438683793757
28166,1.2706633107390315
28316,0.14254545454545456
28432,1.2448798631091758
28619,0.06087307398668833
28692,0.1660733849769075
28772,1.3931974651753822
29067,1.1522516453193643
29334,1.3999395619334853
29604,0.2481012658227848
29609,0.6666666666666667
29791,1.3555312471387715
29808,0.8421613650401913
29867,0.7171454524973073
29884,5.580737682490387
29909,0.35826665479777126
29978,0.8171013423591378
30431,1.269530474688778
30664,0.13360881542699726
30925,0.39346584384231137
30928,0.8256944546745677
31022,0.33533273512095474
31067,2.217341588207295
31263,7.997153913176347
31274,0.443708173353436
31324,0.8260997949378013
31380,0.7413606697758757
31441,0.16710643417728083
31442,0.07352843491167632
31556,0.6124833831718808
31606,0.5949539611667449
31685,6.0068245020940845
32071,3.6454312063198726
32193,0.43259321623866903
32366,0.9424051240023927
32401,0.16511010395092113
32433,0.2540975748411567
32807,0.04697596115746727
32971,0.20593291391157953
33161,6.682305620730876
33316,0.13479296529589646
33560,0.3602055671694407
33580,0.5941304650118352
33666,0.22500555832262786
34094,0.9437516356450844
34172,1.0700240888316217
34249,2.402560291806711
34617,0.3116042979959064
34899,0.5237490275651415
34988,1.5963427807515507
35021,1.2389586070788616
35076,0.9086169201060609
35338,0.5957499196445787
35464,0.3108305353088875
35587,1.3853986327302716
35697,0.054416102724275536
35719,0.16228823451412142
35864,0.10120042654510288
36106,0.11610475410867799
36310,0.4633800025618112
36402,0.07161125319693094
36468,0.5208873840811017
36521,2.670061328839178
36537,0.20933278861070437
36645,0.2803036184409474
36934,0.1004119464469619
36975,0.09103512014787432
36987,0.2993058574662082
37658,2.0825925243583208
37730,6.000284357938466
37794,0.06007293002536986
37865,0.2489919815480907
38061,0.26935669085489505
38100,0.10614358691000493
38291,0.049525823847760816
38302,1.8511005669993212
38466,1.010899263167348
38490,8.209391269758633
38579,1.906391569339278
38805,0.6443046508006962
38936,4.194863370087349
38977,0.4151416789736926
39013,0.9493649677242746
39258,0.7839584505998975
39656,4.1840029054309404
39661,0.2184004927570432
39828,0.2645346977934122
40225,4.7795438835489055
40230,0.1052382164138009
40294,0.047928709055876685
40501,0.29917807796693807
40695,0.7440129516581422
40743,0.29154192207786916
40922,0.07642403912568935
41420,0.1391063447451028
41431,0.36380190148909497
41874,17.392615472710446
41899,0.6847053483472774
42234,1.5239637305699483
42589,0.24555792266259346
42993,0.6393571690214965
43444,2.9748941439689833
43499,0.5865897417684526
43520,0.04514770935135738
43572,0.23097976007729137
43714,6.174697110356986
44068,1.0023545271046297
44290,2.5114970871665694
44703,0.15940179861966544
44751,1.0106759974616093
44764,9.122158607333079
44776,0.12476489028213165
44906,0.9193190826054173
44994,0.3736832042639045
45057,3.8509936899684116
45077,0.7456632680293142
45313,2.471452910091214
45475,0.16340516938933136
45560,0.2012072434607646
46120,0.2411065432620415
46184,0.38909999302468706
46214,0.06986931909468576
46345,0.06550993552269344
46381,0.5469121613252484
46460,0.3880250861053487
46527,0.5602342923284354
46699,6.096876237943668
46727,0.22631657243195888
46784,0.36133703953060664
46794,1.4050602944155135
46814,0.2518987341772152
46861,10.07405871549697
46925,2.575689869242372
47033,1.4679908213208508
47134,0.8343542579551242
47246,0.46007427869912204
47401,0.16675787175661969
47421,0.18299335764231306
47789,0.5773284047589964
48123,0.07686335403726709
48265,0.2581440418875398
48566,0.9256651964965474
48587,0.14781471360489923
48622,0.1316016197122426
48757,0.1430646332607117
48806,0.04816400448881165
48816,1.046189452602518
48908,0.6677837714458994
49026,0.5821994043911303
49062,0.25
49180,1.688510702934285
49367,0.2558525818399307
49374,0.36148580935957214
49774,0.9158345737093812
49797,0.44396730464828627
49806,0.534431721226394
50034,0.34864811320550493
50251,1.0189710444781264
50493,0.5454855039708324
50520,0.08340425531914894
50581,0.09565411472116826
51066,1.125
51233,0.2506426735218509
51376,1.9325482695552483
51736,0.923733762745341
51740,0.12119148789723276
51909,1.4883866135009285
51992,4.942450680263583
52062,0.09469757357395657
52093,0.36001307983437636
52151,2.5224575984833844
52382,0.7206988051109894
52736,0.26282622588891363
52900,1.771013586384612
53739,1.248364231141286
55128,7.237102294487867
55304,2.659831947256012
56913,0.37130052352806836
57124,0.18581505603562573
57188,0.8846917836329311
57209,0.594454068734131
57280,1.3327759197324416
57488,0.07106593489862416
57497,0.19939271255060728
57840,0.12333439167202799
58360,0.09263679797123582
58361,0.1970649895178197
58372,2.2107159891957218
58386,0.47445616640351573
58438,0.9419668023255212
58549,4.458037115295548
58616,0.26278870172983987
58934,0.14368231046931407
59156,4.379749453076729
59293,1.8950178791401384
59503,0.07930909690502652
59537,2.473490523322774
59655,0.6605402055672582
59699,0.03237758631083286
59758,0.1260239445494644
59819,2.957584817493479
60306,1.2294579434299175
60476,0.26320094000335714
60679,1.012384287737989
61044,2.4602454398298055
61172,3.288870612019808
61226,2.128641295550784
61273,0.28636664797341455
61479,0.4637113956324642
61480,0.6885888167632205
61534,0.23491097664309657
61637,0.7796921304321793
61938,1.2282475215790538
62002,1.5463609389388455
62270,0.12483994878361075
62729,0.6735119912976176
62823,4.251935563319446
62860,0.0870446716639817
64145,0.4014487136454423
64199,1.7657843579753976
64303,2.2406285532123773
64509,1.858250887626538
64817,1.125214140923045
64954,0.06441038242744462
65094,0.09994848016486348
65397,1.34100557510428
65590,3.65932479931878
65882,1.716254070990143
66228,0.7317329952523522
66276,0.11385867774042582
66395,0.6824385556880945
66429,0.7201274018051527
66570,0.8242035346490042
66800,0.11345544323224235
66869,0.3333333333333333
66915,53.42820060392102
67406,1.4904839502960856
67528,0.22521986404539296
67539,0.10081587156122107
67561,1.2861276990586359
67631,2.868786136012251
67900,0.038464484434889264
68155,1.1746145037624987
68551,2.712360338858609
68738,0.1222339403476033
68780,1.7459832973045235
68896,0.19119175011656458
68898,0.31153846153846154
68934,0.3913180964772763
69060,0.4252747598111719
69153,3.099692024060795
69348,0.07121879588839941
69402,0.8023551375923208
69520,0.1973179612630287
69534,3.103231385950249
69761,0.08987240829346091
69986,2.1949353278550605
70027,0.3572426451670635
70534,2.751999590816259
70715,2.7457201586362676
70800,0.4677494673909932
71209,5.984308862267217
71336,1.457787230046833
71373,0.10015098137896326
71970,3.814789027542602
72041,2.6653093984162184
72205,1.6973464024720109
72716,0.030912727810048307
73383,1.499422077691535
73421,1.4360770527027515
73605,0.1641887957918185
73644,0.807558256401262
73682,0.1973128700077792
73914,0.02408387120327309
74134,1.1253293837846265
74195,0.7789424074939001
74340,1.1431384861642016
74397,0.1360670476978822
74452,0.13229058275531067
74853,1.8726656467440357
74857,0.10113776131716366
74970,5.0044914814522
75100,4.489841063836335
75171,2.0540471979219492
75264,2.8142719441115562
75295,2.3780801283774236
75329,0.03694601932444303
75394,0.9261770491866221
75591,0.057093161910397434
75665,0.05774033329299245
75747,14.512320479123515
75801,0.4894036160447959
75825,3.050256948038801
76057,4.588864700495949
76561,0.271106342542759
76658,0.1673328932265113
76881,2.8304419536135916
77175,0.5736298669887705
77306,0.2006109979633401
77560,1.0060081817946438
77662,0.2604061182922436
77698,0.48537450462411247
77732,0.15141898367633436
78044,2.459292355208345
78191,0.3033157829862136
78242,0.6112924081229678
78532,0.047780742178025706
78741,0.20497267048876333
78758,0.21600430218068833
78886,0.7499975852221579
79016,11.476156339932093
79044,0.5917170119645293
79392,1.1438789480872122
79960,2.8823292232668702
80118,0.8609099250937023
80358,0.4030274676133093
80428,0.21949273991246535
80443,0.20854906776395
80537,1.7111650227427635
80649,1.36888882974336
80657,0.6746079338393058
80720,0.5190297975016033
80780,1.0709072234975596
81017,0.5364185283403643
81079,0.11733844320665196
81083,10.412764635151401
81194,2.4812976642718403
81231,0.33117474049830914
81403,1.2388783170196367
81493,1.6461780881531651
81561,1.7223319268369321
81619,1.2310744041204007
81683,1.4695418831449722
81796,2.406524677392758
81836,0.01920274032745404
82013,3.623915511001629
82037,0.06247987117552335
82584,3.9434569102377295
82639,0.686158271290957
82742,0.1694655399684537
82831,2.073067171672473
83013,4.279530396746434
83095,2.664308756542294
83194,0.7235954261614568
83554,3.373563275896831
83859,0.874331699425478
84053,5.094657584066043
84209,6.7850463771083
84258,0.07383381373687478
84446,0.18152938506920807
84814,1.806524896928417
84886,0.13137665967854648
85038,0.1752518638589995
85397,0.9303486902038501
85410,0.34633511583773674
85445,0.09547534655583262
85448,1.8945525237500893
85776,0.6529861037387465
85806,0.2573453505915985
85915,1.9399640917709426
86312,1.3706038226942738
86750,0.3149565443500373
86826,0.2985671885312235
86927,0.4780520978353694
87113,1.6932800114459923
87179,0.9894719004257047
87597,0.9073773830939847
87922,0.2002012072434608
87985,4.693974674160104
88035,0.2685601239130768
88180,2.759151888763077
89018,1.2048920147271356
89021,1.1173505171590294
89058,0.07192799897767313
89305,0.37599776139550684
89710,0.3219484822191768
89713,0.9478857028936033
90011,0.03748657859110219
90018,0.25612492022937916
90079,0.10209064160777662
90124,0.06649573884154268
90169,0.08773364666778571
90188,1.875233283352596
90389,0.2773596738789589
90803,2.1855813489353815
90945,0.06218364123387447
91122,0.027678571428571427
91438,0.5376144745949332
91650,8.300773255728616
91879,0.2129848981491368
92107,0.5012531328320802
92303,1.6970107686122877
92942,4.379002832449691
93322,3.183520987085884
93533,0.3462085196363124
93566,0.5118392966205766
93632,0.41121335659325686
93849,0.17353438841864607
94126,1.0321032692852994
94205,3.554243926606693
94210,1.95664469595324
94224,1.9091949015463452
94658,1.584384291331025
94764,0.40916283072289356
94792,0.5532214611728912
94861,0.07336037611330856
94890,0.48336652781682066
95176,0.33214285714285713
95613,0.4992809009280154
96142,0.7585347142309169
96379,4.630530513821062
96576,0.1410755390517613
96613,2.1092699787849423
96744,0.9540385298217319
96944,0.02474315939375445
96964,0.8027036808416204
96977,1.615613428662009
97173,0.26534869797228405
97182,1.1127367131053987
97325,1.1234683088343103
97384,1.2407665181222614
97395,0.06289707750952986
97491,0.040153349475383376
97529,0.4121989252860737
97786,0.04005636070853462
97949,0.08983649133447437
98081,0.922798782025667
98189,3.652058303591284
98278,0.20227552263432733
98465,7.483981048734503
98467,0.06257941550190597
98819,0.03212421045433901
98944,0.0434878587196468
99104,0.5765119423932826
99198,0.02402219736932327
99246,0.5444279672483181
99449,0.3292580209718182
99561,1.947287750213467
99753,0.7087928543153971
99888,0.06666666666666668
100116,0.6414470627619749
100160,18.171265736117267
100473,0.5089207903237892
100659,0.08146197793331933
100854,0.28830488292134127
101164,0.11090004793863853
101415,0.09039119979784843
101628,0.08976088934555604
101701,0.8707142258944798
101776,0.449041506554807
101795,1.838131291404973
101895,0.6002014098690835
101946,2.413725598862189
101953,0.09050856408945537
102050,1.3623148697472391
102399,1.4597319112637348
102781,0.11123787792355963
102985,2.166790179632572
103033,0.14914412410672628
103162,0.5354199202209062
103324,0.736975975859486
103447,0.09086737035337313
103484,0.7864751564378647
104147,0.3677043672057937
104314,0.2117400419287212
104388,0.16069005283984472
104455,0.2699625319855588
104714,11.13440656976052
104741,0.39839557410286364
105030,0.16308175026532498
105129,1.8236371191020129
105354,3.518174839199203
105422,0.7649652403412712
105462,0.12634238787113075
105618,1.216861277076446
106298,1.5241613843030408
106514,0.05327477306550623
106882,0.11811338049533493
106916,0.09629002463054187
106987,0.31163614557117036
107090,2.013618163249145
107139,1.0483547012762735
107227,0.0475513874614594
107247,0.2080197554092192
107249,0.16723259762308998
107466,0.3380218462502382
107556,0.05815766525872418
107877,0.40742857090403295
108124,0.24538348268128873
108265,0.25031446540880503
108446,0.5982402717863893
108554,0.4116933224727319
108679,0.6365524887539413
108826,5.3162814296422445
109274,1.0
109367,0.21208697378027497
109414,0.2737185721355424
109421,1.4696183459234426
109628,0.5
109637,0.13746273839852116
109669,0.10454663380464392
109735,1.8442856005204489
110104,1.0244710433913462
110161,2.187592744865047
110341,0.6719861367541481
110541,1.7567926432364889
110564,0.050982166159199635
111794,0.2027038030957073
111934,0.7968627616117272
111963,0.15168669808843818
112017,1.4189038757303056
112185,0.49999005951934855
112204,0.5
112462,9.562386330635874
112540,0.9045890731030722
112789,4.961797693064081
113480,0.7368490267391805
113823,0.2549517166955332
114342,5.88036054656358
115544,0.2002022244691608
115554,0.10065756196256953
115733,0.9155709941636756
116087,0.1568931932124097
116178,1.9457730433597946
116984,0.6865281914914302
117001,0.45027470941352876
117064,1.343112027815646
117490,0.09177022141207883
117844,2.954356739830197
117990,0.267249801541652
118128,0.2636409994900561
118189,0.2502314328972835
118289,1.7047730989862118
118327,1.1316753507383572
118384,0.3590156879341943
118493,0.10904622641542785
118544,4.196515150693312
118664,0.2517056568178947
118791,0.4346663435769181
118853,0.8742451629755127
118979,0.05615124153498871
119111,1.6995637248269624
119629,0.39098676331949384
119651,2.2162637180678364
120010,1.0777968807794949
120060,1.2705613338907988
120067,0.2855348342835057
120412,0.05026521848951755
120487,0.54414674929434
120521,19.126929412233785
120615,0.18313337516261396
120953,0.6759192513491378
121157,0.3037184393780737
121318,0.20964498956441802
121459,0.5576656816373208
121590,1.6433592653459903
121746,0.10177591420276733
122023,0.7095348174317
122037,0.15655594405594406
122219,0.09669381154336112
122252,0.3920449871899923
122381,0.11535450416801042
122754,1.4750211500461754
123007,1.5108768923095328
123345,0.07234513754695268
123363,0.7724127271129329
123515,0.05315612729792765
123754,0.06220781723143533
123915,0.4241620358777508
124248,0.16638795986622076
124492,2.6969065479514174
124825,0.3327759197324415
125465,0.2542178314577272
125506,0.22137897072445722
125528,0.09974683544303796
125561,0.12201458949956887
125569,1.0
125822,0.2821798021097973
125829,0.05122472726242062
126048,0.2051966410993128
126144,0.2114961472015413
126782,0.2480131529177413
126862,0.052140952336590086
126903,0.2008238928939238
127063,1.814982470511116
127301,0.11090004793863853
127337,1.2463656148212723
127360,2.207549157275317
127369,2.159774305700234
127451,0.8078334707637448
127696,0.8971048946418901
127766,0.10752207299290553
127889,0.2056918413982091
127949,0.7474234314010273
128099,18.419217260100663
128141,0.24664651385015351
128143,0.9466256693710535
128249,0.11263393759687312
128266,0.2483480627377935
128290,0.1598343461399735
128440,4.688233756371686
128495,1.7951757002417128
128585,0.7698438628752274
128873,0.7541119337632354
129308,1.0553780435554412
129430,0.575695319497969
129547,1.1144025291528878
129637,1.6043023595787131
129761,0.7757365298227799
129775,7.573736283584317
129817,1.4911992069790712
130028,1.579742885489515
130036,0.3232029662032255
130037,0.15499870496645365
130115,0.90451887483002
130173,1.7500263132184335
130402,0.27480980931172583
130689,2.934218000296566
130764,0.2686581783294827
130855,0.125835544953892
130932,2.663202522900292
131038,0.35415822278597
131178,0.7648865513477145
131581,3.2027203953115104
131624,3.1986667522092116
131627,2.6303000922904287
131650,6.631244862360453
131681,2.1034231114869835
131841,0.9805945617566943
132095,0.07437329262413626
132449,1.313349856774483
132579,1.7524833311377654
132710,0.1655101488792829
132849,0.23035871107207997
132940,1.5012853470437018
133057,0.4694434903415592
133119,0.17727938494380244
133528,0.119872949544895
133719,1.3076004623860962
133832,1.2220627994966606
133969,1.5456200609434363
134051,0.11552151181061232
134600,3.987518847390215
134729,4.1678002549528514
134761,1.0565986993654346
135024,0.5404192567270073
135032,1.6810346437766448
135054,0.27230820970813496
135059,0.26981556085635144
135152,4.106800672893101
135273,5.301667193495254
135378,0.15751837391303455
135391,1.1903810881641013
135543,0.24109727696516303
136075,0.5476290562868544
136124,0.5830357142857143
136640,2.9288586816611213
136871,2.087802112185295
137084,1.1205073693374503
137137,0.16884601384282927
137390,7.9881859613327775
137401,0.05055273993701829
137474,2.270723228291427
137494,4.331958010970926
137580,3.572186507063056
138063,1.1212573176515264
138071,0.09186954524575104
138271,0.6346942318030803
138332,0.3981882461661411
138407,0.17678998899640877
138520,4.301397478769917
138560,0.22183908045977013
138699,5.373083764906966
138833,1.6121720083386726
138837,0.767780213976001
139026,20.451525529076186
139089,2.1944013153072297
139709,0.5133456418277758
139741,1.0765597564617018
139804,0.45842736507358106
139908,0.5557512751042263
139933,0.6279132600699926
140176,0.3425426721542425
140499,6.005823561633232
140521,0.08941387559808611
140553,0.5315660516920101
140689,0.6581919439825565
140816,0.4648980026998617
141256,0.5552500796986549
141681,0.36739570847152914
141838,1.3427333978159075
142050,0.3895577721086959
142178,0.34546176434892883
142208,0.5561475198948413
142249,1.0930200894773416
142652,1.4112854390473095
142767,0.2
143367,0.13205038613843645
143494,1.4500509408993574
143559,0.569620253164557
143749,0.2506329113924051
143951,1.3825149607021159
144349,0.11130039750141964
144458,6.503715509648507
144538,0.20824446302807648
144847,4.247383351630424
145086,0.19932294280374785
145128,2.9775792673738355
145443,0.2862485615650173
145543,1.0
146088,0.08833647596886786
146354,0.7423275935624517
146490,0.501458054557293
146544,0.8092657803421565
146551,0.05545049385690195
146796,0.1437908496732026
147082,0.2821026015865591
147200,3.3164352023368444
147245,0.5551453338163055
147294,0.13182276039052795
147316,0.7580582044149281
147481,0.055403544485690334
147635,2.95537716173167
147638,0.27452612587852304
147771,0.11130952380952383
148305,1.3201856562297498
148355,0.12469754884737694
148477,0.3104115858685294
149044,4.117684624397045
149166,0.3454416195243334
149173,1.625
149515,1.2547798681390692
149840,0.3966703425943439
149946,0.49139657120779096
149973,0.11685330499462854
150048,0.10503948043601427
150062,0.28073573720184325
150530,0.5025510204081632
150629,2.71544641447889
151290,1.4120238016936326
151431,1.1698443021226264
151469,1.4635857681733364
151549,0.07142857142857142
151666,0.05578294851926582
151787,1.7641841818208086
151979,0.948889121789015
151988,0.20141700404858304
152002,1.4784493133560268
152023,2.141407119511908
152228,0.17008380776985332
152312,1.529994040390513
152973,0.6331472761280706
153503,0.43462061696469056
153519,1.0120075387903098
153526,1.0393125653963746
153590,0.5623636256627312
153915,0.06277602523659306
154417,0.1848798641221937
154530,1.3068759557607907
154533,2.830480266025894
154544,6.1220096030116204
154548,0.5548011639349033
154998,3.2631654785347797
155563,0.1591413402806081
156043,0.8191963637460868
156886,1.67041683315636
156938,0.3019548047019947
158309,1.4023765512008095
158540,0.13647625238149963
158656,0.6912178197389465
158717,0.28553854122826894
158849,0.4861302286106122
158888,0.37381778058007564
159214,2.7294525055637195
159312,0.34756895023061396
159340,0.34107324053084187
159406,0.38892699657030866
159410,0.14275466284074606
159433,1.8235668541338823
159655,0.24427977119084762
159699,2.719074840431029
159791,0.0705800139762404
160054,1.950899163742449
160198,1.1760826548465741
160428,0.1115515288788222
160638,0.0609926204791995
160690,2.5618824768927304
160848,2.082834087501508
161173,0.08417632591467618
161351,0.6714470050014396
161808,2.42611291369166
161830,0.03365287500937848
161920,0.7303999785898664
162197,2.5631215931869034
162233,3.0004446959081537
162269,1.336632705752818
162487,1.3607789183094332
162677,11.340009089568984
162820,0.6827981508139778
162930,0.3799557732434211
163198,1.0743977697755358
163229,2.5551558827106846
163386,0.035837104072398186
163420,1.0019384904312052
163570,0.5583910894315879
163577,0.06960724672087364
163835,0.11942264206593692
164053,1.6017339689780576
164093,1.0117152310679043
164189,0.03864077669902913
164594,1.4973169776558084
164686,0.39980339268931264
164750,0.13668620139100196
165011,2.899611847831113
165068,0.038385985487062964
165162,1.4688904117490749
165294,0.06293485135989879
165345,0.08375634517766498
165663,1.0049938548048114
165736,0.40572242483584686
165818,0.6648732921561459
165830,1.617896341282864
165855,2.5942359272546778
166291,0.30672544597540186
166383,0.06375754438775867
166505,0.1121549125979506
166658,0.3692587314243382
166767,0.2877853288974615
166785,0.3727128209243882
167220,0.06357801125972676
167287,1.9498559431862585
167296,0.14275309541150766
167320,2.7866615323750743
167361,0.40744033029697113
167386,0.9076973104427702
167399,0.1919299274353148
167517,1.6134755472200035
168110,0.14295977011494254
168256,0.5000975314292315
168958,0.24630843415927112
168993,0.18248219106463792
169099,0.17196789134312296
169124,0.2092883001498036
169202,1.784262949309423
169228,0.07255491750979855
169239,0.31965087604003795
169317,0.07713283989092326
169526,1.7896994469966399
169536,1.1216226121452382
169578,0.17427039531606014
169795,1.9861638244034507
169856,0.09027711678690478
170211,0.23377072164134158
170228,0.0588762701733413
170330,1.3190767581135303
170369,3.1814199854061895
170381,0.3451994767191572
170454,0.7422019027152322
170690,1.9553351397740135
170770,5.370611398910553
170815,2.333798862652133
170879,0.6559546651744727
171150,1.1869712541139263
171637,2.771934973886438
171693,0.4515964905145169
171728,1.5644577592655913
171994,0.14277838429924183
172041,0.7091189643877005
172167,2.450619492267103
172350,2.5881181297624294
172582,1.1716910185185823
172612,1.1401978283776348
172642,0.15629751001509784
172772,0.06423444976076555
173487,0.2119262026532104
173988,1.020437152581553
174122,0.41321595225367436
174132,0.15247099240349105
174557,4.926119434281572
174752,1.1102071048288449
174822,3.71120654150911
175025,0.07707898472071471
175087,2.622636088114964
175196,0.3537225517306
175286,4.160537888904434
175379,0.29206049149338376
175553,13.695543371183858
175708,1.3232559578547836
175775,1.2283748517677784
176256,0.05847106169064292
176332,0.9564055646046472
176358,1.5156243203649593
176360,0.17444578009864695
176936,2.982875103794232
177060,4.407289697668456
177454,0.20289436545361744
177588,0.21320830941906063
178014,5.632139393878649
178122,0.5424236996641005
178135,0.424790157183814
178301,0.2117400419287212
178371,0.125
178536,0.539841505866914
178621,0.1790020214660442
178645,0.07379975754972679
178799,0.34194158262832147
178889,2.251303157179469
178906,3.006936979307077
179126,0.8653439165587188
179205,0.7067798475040336
179335,0.1571480933741558
179379,2.0893514440283503
179698,1.1785722290004845
179730,1.740276042194587
179764,0.2746833173604564
180023,1.63731962188414
180228,22.106740920990944
180263,1.449588022582484
180449,0.12735035701257874
180516,0.16275905307729996
181321,0.3433321585860138
181329,0.3478651673175317
181376,1.0954619753762878
181694,2.5558593986806994
181817,0.047982481858828696
182302,0.14454508875409494
182360,3.3847127892170805
182598,4.546205845834997
182884,0.610053778985858
182900,4.447617661097433
183139,0.2887391950420373
183715,0.07132459970887918
183858,4.1863463385277235
183867,4.565141214957722
184043,3.522155106737194
184091,0.5400959860681428
184187,0.26705937521805767
184267,0.939442958954165
184471,0.46530558486209533
184502,7.32649905550334
184637,0.07554747208269637
184677,0.2506265664160401
184811,0.8743749074215225
184814,0.4529592012294502
185018,0.5838926174496644
185155,0.0147349258822255
185383,0.046210720887245836
185440,0.3656434054461691
185543,0.03231070496083551
185591,0.0921234454168586
185615,0.7533136106315634
185669,0.18165583022308301
185810,0.15027637625836857
185948,0.7339989042568504
185999,0.1003024193548387
186096,0.5150384107426893
186125,0.1754885793672611
186185,2.914050952397305
186312,4.350869809906703
186390,0.12548015364916773
186545,0.1257071024512885
186594,1.0518299213377635
186734,0.9553718623653988
186805,0.11468626663481413
186927,1.148262034618067
187162,0.32140166234356976
187413,0.029917271996850774
187422,0.12562814070351758
187478,4.399519804597921
187581,4.047901740051022
187907,1.5483469057716805
188190,0.04068976326932499
188202,0.3327615780445969
188342,1.074576717798993
188432,1.7739549337554068
188843,0.6814769493329598
189641,0.09461992983523514
189644,0.8795828819257789
189678,1.8312914042771777
189701,0.3615598972771964
190012,1.0
190021,1.9803895927145396
190235,1.3565850006815554
190531,0.01614440465617293
190632,1.2242416259312852
190888,0.05973745162626265
190946,4.056363863432152
191063,1.6364334885604173
191070,0.042416681133824415
191429,1.224001717544201
191680,0.3954871842095718
191699,0.6653667087587593
191947,0.9421891120738374
192260,0.6384666759070552
192338,0.1392582388978969
192382,9.488693630995257
192925,0.34140226444049393
193025,0.0465896930442129
193160,1.2832961215342586
193216,2.4894823976801277
193231,3.95470613675572
193320,3.794856721210828
193342,0.478683208637615
193444,0.0332811825636599
193594,0.006734977175035733
193802,0.1110475100171723
193963,0.14417278558456592
194018,1.4596767661743981
194036,0.6441488224144185
194039,1.067093728927849
194063,0.5478344007145276
194246,0.21246393224592658
194380,0.2566258371114746
194578,0.08817240977700128
194703,2.9455265343743298
194743,0.2753109034414237
195237,0.6974546236674877
195305,0.3857998987695873
195368,1.5
195874,2.3290034808124713
196248,1.9788380675483959
196370,0.05545049385690195
196544,0.09142053445850916
196690,0.8883608893983336
196969,1.9482347559593132
197040,0.4519598286808538
197364,0.8999530125146002
197424,2.3912909134732647
197460,0.1435103911177539
197532,1.585219701667586
197921,2.6622051138067455
198162,0.8105147869510334
198302,0.5075085018332814
198426,0.14295977011494254
198532,0.5411611392862532
198783,1.376912609237773
198901,2.332491188036688
198922,1.0431044322837753
199090,0.010641659342948149
199229,0.03818811958249047
199369,0.20041322314049587
199917,0.0959649637176574
199995,2.9062065952478244
200074,1.1301504322231493
200448,0.0871870061394778
200775,8.759223424389292
200777,0.2070881789991637
200791,3.602405277893401
200882,1.4237225667183664
200968,0.4801110578305007
201022,0.05955834582963891
201297,0.16391537676918194
201667,0.06545985065171904
201678,0.6121972542914691
201760,3.5562696220960426
201958,0.0910344827586207
201983,0.563605018927294
202033,0.01126334107508862
202187,0.14325286748388416
202344,0.01490350638736973
202545,0.8435685566118973
202554,0.6692917310396109
203008,5.050571742385443
203639,0.24965751289345778
203670,0.4288409582421532
203695,0.43007462398616136
203711,0.48265419287686007
203804,0.3384020618556701
204386,4.89600492165725
204708,1.9416439541543733
204714,0.9296474592742876
204901,3.7307101626045354
204968,0.07539623082557408
205180,3.275812083899463
205254,0.3135844961842844
205520,0.2087585547050636
205627,0.09141274238227147
206241,3.064584420035691
206407,3.54198128196885
206465,0.40565267493206175
206538,0.2805437932679702
206658,0.22967980295566506
206967,4.142123948524325
207127,1.5685418206676554
207290,0.09008736383214136
207644,0.3681066808052143
207735,0.6440764106216373
208076,3.4668601700742885
208303,0.38181964129667
208404,2.9209810627798563
208582,1.2226257517843557
208774,5.218997140010521
208997,0.02294456747161588
209142,1.2967401899680706
209517,0.0120535703220246
209773,0.45909202218967904
210323,0.5177014363064057
210425,0.7230161543192065
210512,0.301543880792324
210757,0.07123781401307075
210991,1.2723098262867558
211095,0.3510722466627105
211197,0.8375277067348679
211424,0.9827455215974169
211483,0.9422479131701397
211570,0.07714983977430172
211758,17.965399986999568
212129,0.0947738671646004
212131,1.432797303191419
212200,0.6924578469594576
212612,0.7647843617283323
212614,0.989749579911563
212810,0.06536532379157216
213165,1.0697826739087983
213212,0.8705752716781879
213273,0.202272913233638
213510,0.2925106947787165
213590,1.2796079221053658
213921,0.6255806768369707
214162,2.427797470575476
214383,0.029446935724962632
214546,0.0844005674046229
214593,0.9698012314712016
215041,0.09362838396931783
215058,0.6027131230967655
215513,0.19755888673465632
216212,0.06182128322145359
216294,0.20102564102564105
216348,0.6448735054375756
216586,0.11117381489841986
216846,1.3328016913683916
216986,0.03694601932444303
217622,1.876427889824823
217641,0.07764338665626219
217792,0.4122999040285794
217963,0.22967980295566506
218885,1.88798777398339
218994,0.8681904483111592
219021,0.8483570414201792
219203,9.337859115028408
219243,1.1405179705910216
219334,1.0982601028652468
219428,0.11512917075107645
219483,2.674036756988436
219655,0.07888847812237804
219966,1.0122662312195319
220312,0.1991744066047472
220946,0.0972200635033417
221059,0.7920206910628853
221445,0.6092125168566906
221603,0.2250340824251791
221803,0.5256630042466223
221844,0.12156392873804966
221894,2.5894123538650407
222153,0.19979919678714855
222351,0.7222589325351984
222436,2.9006655706575297
222601,0.1774037277658183
222927,2.5040068537107856
222959,0.3815293552519046
222974,0.6552958838032518
223054,2.264462065292714
223197,0.7109074874760742
223627,0.7273117533332388
223701,1.4587929354576288
224186,1.3333268949282298
224294,0.6357975571076562
224638,1.0346786751640762
224925,0.08162738296465602
225389,0.6032961508336887
225754,0.014804721459606957
225930,1.3693651743436839
225948,0.4156255372661134
226331,0.7610177075312561
226380,0.7894007779524616
226556,0.03589519371247587
227088,0.5434114734477328
227487,0.20688550619650817
227527,5.281061611623742
227697,0.6123143489357239
227776,0.9386811062960083
228058,0.047496371552975335
228087,0.8183293703297814
228099,1.0453838785621394
228266,0.3214879811746658
228299,0.2894265999885421
228323,2.1749280907658894
228444,0.1595633626693063
228714,1.9644654117250002
229157,0.6318801971141249
230111,0.1355221015746186
230667,3.0620381947488857
230784,1.206575211055023
230886,0.38292161765192845
230963,0.4987405541561713
231645,0.9863731671841417
232480,2.2806274694510313
232564,2.708324172675378
232598,0.06671136439825677
232701,0.27370234707822066
232869,0.3883710158629984
233035,0.4684565895123196
233066,5.512899258346132
233136,0.10107224666271047
233147,0.10101522842639593
233228,1.520620734550999
233862,1.4084397853445803
234325,3.9892143362903
234374,0.208285425594927
234488,1.1840748015943152
234647,0.09947345736498267
234844,0.7789204030049567
235169,0.6143989341405832
235881,0.8594114587691011
235923,1.7978660659285746
236287,0.6186793094655033
237205,11.218285991587457
237517,0.8301386230406562
237773,0.2
238115,17.01372713530948
238245,0.5059934373341988
238297,0.2953844833390382
238440,1.8703037705999692
238495,1.465738437579227
238506,0.27769401965073853
239638,0.2245033606450561
239655,1.7600615674505424
239827,2.4085441353666894
239859,0.6687337791749772
239921,5.690458289100621
239961,1.0725829749636964
240081,1.0920746969176263
240252,1.7624483650067324
240311,2.082491100449577
240665,2.9523675602924304
240865,4.377307718819265
240923,1.1972198959240763
241004,0.09572323836824263
241724,0.07449259288224891
241813,1.4064190693443566
242211,0.33530244764451245
242473,0.08205648307539226
242511,0.4647257915251675
242861,2.565717435096747
242966,1.507754387782377
243008,3.9283073986809165
243012,0.04078652428778965
243418,0.07126625718820208
243474,0.881939569707251
243527,1.7132609767800064
243777,0.3344827586206897
243812,0.24447133679825972
244073,0.943719631921865
244406,1.4213385798167304
244537,1.2133659207056486
244711,0.011945846105932457
245019,1.3483908347231865
245039,3.326769552291869
245133,0.7245882154050223
245292,0.8906870229007633
245489,0.2385984804225059
245760,1.8224468340345028
245992,0.9419529794835209
246022,2.458703980724631
246169,0.5364720594070826
246611,7.41428997774714
246628,0.14364285098809926
246768,1.160948262456356
246885,2.9000138771138255
246960,2.1107114661645525
247004,0.08143367587181123
247545,0.528389952798612
247824,0.06419277978410866
247966,0.425790541000452
248392,3.1093199680757553
248452,0.14087781252144677
248798,0.6277870492475269
248885,0.08143367587181123
248916,0.16737109044801352
248920,0.5374330100282005
249175,1.7018114881194308
249303,0.37867426776009944
249420,0.11339858401703207
249973,2.006483199272205
250435,0.8449017145650995
250976,0.44278468841539925
251033,0.25
251210,0.2176484662439701
251361,0.9320083243888547
251375,1.1921767849144553
251474,0.19673588880680729
251491,0.5567099707223726
251595,0.5824235026107045
251604,0.18885902689379372
251925,0.9804258854721941
252026,0.1660733849769075
252184,0.37507352561146223
253142,2.7562838198819115
253232,0.20909189306509457
253397,0.5650750908214701
253408,0.39124368369773166
253457,0.4758739537173806
253734,0.1701038322735225
253861,0.14264919941775836
254215,0.8293129443816645
254535,0.6713896086277917
254556,0.14296134208606856
255210,0.25235900064258354
255268,0.5025252525252525
255347,0.18397247975684541
255371,0.40547944554255494
255704,0.45754905350330055
255733,0.43251710244060115
255770,0.2928643243179949
255887,0.416463969943073
256349,1.9325716045966017
256575,0.1886648849088039
256831,0.1989795918367347
257141,2.26279730009485
257160,0.21832912860372905
257544,1.1063660527539687
257787,0.09629002463054187
258000,0.7317374110167292
258090,0.6460559373958917
258430,1.498422006681506
258741,0.3574119006330412
258882,0.27080101862142025
259240,0.16309671189378966
259270,0.9371134007578169
259529,12.049877182840966
259561,0.19986501557147968
259800,0.7426002244346761
260038,4.563040739154092
260206,5.9971299075281355
260212,3.1411573671994417
261087,0.039951573849878935
261309,0.0705800139762404
261332,1.0
262255,3.3562920301907697
262794,0.31479304371895417
263852,0.5286954183160517
263937,1.9156553033031456
264350,0.5737515047605151
265440,0.3923149694045948
265456,2.049396352480089
266063,1.0870477009046275
266160,4.798005218908519
266255,1.4197696401964501
266534,0.6171484013390982
266916,0.9835105384711704
267354,5.009264246184763
267411,0.20123839009287925
267435,0.08712672392701237
267814,0.34247615930107844
268161,0.14222548565773302
268871,0.6185742622543384
268990,0.29853423869810986
269172,0.3333756030214807
269390,0.30941992810888297
269972,2.528275804058012
270491,10.448496192402802
270667,1.120290548807325
271029,1.5903285598631005
271113,0.9655299534044928
272567,1.3495217162415791
273105,1.4204598443504026
273531,1.1323914282195031
274321,0.7127687347813342
274520,0.2002063983488132
274637,0.04828425847429303
274822,0.09558805147165086
275130,0.11738909431075088
275386,0.13881745285587857
275757,1.7912813248708321
275832,1.8395743627206937
276085,9.14298073550239
276381,0.39107297689912085
276592,0.3576555023923444
276626,1.0
277351,0.057929331985168475
277572,1.219220110213406
277977,0.14240506329113925
278559,0.280369079436776
278575,0.8860741754306095
278644,0.2090443686006826
279097,0.1427711431453581
279141,1.7435300459679117
279337,4.739035771196193
280445,0.15916567050595803
280692,0.13428874100804034
280897,0.20181634712411706
280956,0.4292584239042696
280960,0.10058800410832675
281254,0.24610428731365752
281564,0.16694772344013492
282709,1.0274683437549408
282766,0.5446333609423292
282800,2.2038152105261624
283405,0.310140247840232
284939,0.1919299274353148
285232,0.6741438416834034
285272,0.5900785364539022
285693,0.8890826956156994
286115,0.7647208347037223
286483,0.7663724558259923
286530,0.14938969789573642
286561,0.968870945785536
286662,0.5720238924210683
286866,0.20122574055158324
287092,0.9554723422441842
287259,0.7165066099078573
287350,1.4745977576397966
287407,0.592458732501177
287604,6.353853541353334
287860,0.30132031934467074
287917,0.595216062884197
288111,2.021234647705236
288154,0.706360789725118
288830,0.8802941971774871
288904,0.6755675889047361
289177,0.6533005027313927
289599,1.3471510442593864
289629,0.16574192642188088
289685,1.3734555858061515
290040,0.20270497506102647
290072,2.6381272937781963
290414,0.07059335348944934
290464,2.2985866633963914
290502,1.9077556329619814
290590,0.36273219169121784
290775,0.1110475100171723
290812,8.034481509476247
290853,0.2265573046584471
291043,3.0159646638789397
292559,1.356823080651543
292876,0.1139240506329114
292915,1.7797970183122405
293391,0.04825217132519364
293490,0.9164415127068624
293896,2.460523767149472
293897,0.15765199161425575
294085,1.278391901552029
294197,0.40428175171725306
294923,0.661790769476178
295276,2.86865068447472
295415,2.0080113334857517
295545,0.7826138288280928
295756,5.055140670346472
295976,0.0929030025758333
296024,4.79911295813966
296402,0.2355836311662666
296487,0.4881498363170572
296601,0.0595329426287191
296802,0.1830475337683951
296815,0.29039536464301074
296903,0.4367442753266558
297702,0.9811494794270784
297839,0.8080700725646852
297849,0.09969481180061038
297894,2.4968713609979853
297955,0.221441048768242
298225,0.06686827956989247
298764,0.395438520657454
298766,0.22291983041424301
299277,0.05587814126417924
299429,0.2959731226483022
299471,1.0919507217329378
299567,0.26935669085489505
299668,0.34340970309640684
299776,0.0843694508381368
299840,0.2010204081632653
299882,0.6273502389677926
300013,0.2506426735218509
300024,0.5467450880843817
300035,0.052687599787120815
300245,1.082035055428394
300534,1.240836732511002
300583,0.10729943179709203
300659,0.4521459416679381
300749,0.22695799181197363
301404,0.1187627141200403
301619,4.6741880746995825
301955,0.2848827722699856
302106,0.4201274100672481
302685,0.7681047522329025
302765,0.8010546881596068
302774,0.03694601932444303
303050,2.7841643332259456
303506,4.790019735744311
303626,0.6558500967811337
303651,0.06408507746568985
304102,0.4218202577547278
304401,1.3519929542717732
304458,0.5192225085910653
305363,1.495093086665539
305468,0.4773614961218944
305501,1.4345904298454955
305541,1.098411074858046
306446,0.17872456060188677
307025,2.1017747252943164
307102,0.12563131313131312
307135,0.11666551998524416
307461,8.470662069150737
307875,0.5410492640716217
308625,0.2840854188810513
308645,0.5432872039958492
308742,0.2956727115351703
308762,1.5335157785582478
308871,0.7627082590665013
308932,0.8719385834131845
309068,0.2855348342835057
309328,1.730155791376513
309458,1.802009787789659
310383,2.8394700767601972
310455,0.16764953664700927
310789,0.2768376780253156
311074,2.396666176236463
311674,2.029477467972813
311680,3.1079918321389095
312062,0.2117400419287212
312126,0.07731157731157731
312353,0.6864016306727119
312354,0.5734866149197957
312890,4.532959329939503
313128,0.23676152977583836
313284,1.5158955601710618
313899,0.1425850949767159
314050,0.1680032927333551
314113,1.6654489791329072
314155,0.016021547880944516
314346,0.850353040149785
314372,0.04505796894855448
314505,0.42760146926353937
314600,2.9837550158886335
315142,0.06698240866035182
315336,3.292589550140187
315339,1.2113467806190112
315403,3.5194118358801814
315909,1.31885343483023
316340,0.41962211204175087
316611,0.055836139169472505
316834,14.219230013960756
317093,8.046429873989965
317108,0.2612799915858745
317417,0.5468140794767549
317545,3.250832691150642
317571,0.1013269971268887
317865,2.457373182883012
318085,0.5103416964162353
318882,0.2580637176027923
318966,0.22224300193050195
319021,1.116282802084131
319347,4.746239296475858
319945,0.6219063733784546
320426,0.028951939779965262
320442,0.13628439043254487
320761,1.435294832017461
320845,0.2780188883307673
321321,1.3263546101038566
322027,0.46035815184306306
322279,0.2483912483912484
322339,0.23306808553211433
322642,0.5757897823059445
323194,0.8220805501817113
324646,0.5587783461107338
324819,0.34185013852089036
324854,1.9269526317552297
325357,0.13512877467636875
325401,3.463761581032523
325443,1.332817153937055
325459,9.267392025747348
325727,0.0959649637176574
326096,0.02131334053946827
326249,7.288741810972528
327130,0.1774037277658183
327735,2.039619953142652
327765,2.293442199279039
328014,3.3334397569930942
328288,1.6020340278312974
328352,0.45527278394699006
329232,1.0200736065073452
329468,3.1575922709350865
329883,0.2008032128514056
330453,0.0465896930442129
330575,2.670933203206384
330601,0.651531214985483
330634,0.9142129985327299
330967,0.3462807733682805
331400,0.15375342642618786
331473,0.07094011608836408
332141,6.151248562003763
332257,1.0392337554484865
332536,0.03854250326682672
332641,0.048861978433612806
332852,0.503968363974189
333175,1.154097805390953
333181,0.05763484423925151
333447,0.20428469276648303
333464,1.961403527854284
333539,0.7814389521391696
333573,1.2297431380010044
333634,1.0485141173323023
333643,0.9807845115268055
333766,0.052757793764988015
333903,0.1350193032639727
334101,0.3033243811695458
334193,7.116706206315795
334243,0.4040350362823426
334644,0.7556007869851852
334740,2.0493708373988966
334770,1.298271743134209
334829,1.4360377511129307
335302,0.5988042813616982
335747,1.5224319646560116
335937,0.08101819793368972
336783,5.086906932920973
337015,0.1256443298969072
337119,1.7293426916587966
337271,0.25035565827852313
337404,0.11519759184933626
337631,0.8356063041147758
337856,1.3341176209348704
338179,0.24411411456684406
338887,0.06456555517190353
339490,0.4030689986886787
339577,0.9352898351372012
339624,0.9290953667950319
339905,0.20942410365974407
340152,0.1362691827252042
340364,0.33503401360544216
340446,0.05909469159813186
341137,0.19038059428881304
341422,0.7102644968775816
341652,0.24136065946479035
341672,1.4379815906958766
342691,0.06682496607869742
342768,1.9558856033604315
342833,1.4194895016781341
343396,4.028121567436665
343455,0.2599555891680649
343930,4.142859791093634
343940,1.1771433594038667
343954,2.4361499226476893
344275,1.5295244685205558
344729,0.570680619964244
345168,1.5387343816737313
345355,0.8797285910395017
345427,1.3751575946206398
345734,2.164960758464577
346336,13.436208011646563
346637,4.087900300428806
347148,0.24157488278009703
347151,0.1711280576224997
347451,0.04037141703673799
347639,0.13444968949293573
349157,2.9246091333086053
349180,0.058964381921580364
350585,0.41607282633221576
350840,1.772067566928215
351227,0.18820921256697448
351733,5.180671005766325
351842,0.432078599298936
352171,0.3983292187671046
352294,1.1228754940882528
352524,0.09158878504672896
352999,0.1392683705083183
353145,2.7175220386985353
354105,18.91126161372788
354158,0.06653088934147998
354189,0.03193345276368016
354631,0.25031446540880503
354722,0.16032573316653775
354733,0.5745137671941881
354883,0.2006048387096774
355142,0.07620528771384137
355412,0.7183807990691657
355451,0.7139635052782106
355555,0.8485426840919711
355616,0.19468655550215738
357406,9.546802327755772
358055,0.23246425274950897
358532,0.23011888005152223
358641,0.30522495071723865
358820,2.312584146791742
359016,1.1521787955845972
359026,0.34295218970522406
359062,1.5743226139701065
359179,0.06595764609228724
359199,1.4659409141233937
359326,1.436735125226503
359494,2.3649397972703152
359555,0.24352331606217614
359559,0.16751269035532995
359613,1.2720159361471124
359966,1.0247370537747178
360956,0.07560811718854993
361393,10.462473480827576
361973,0.161369577248631
362437,0.5750904892385217
362922,0.2840854188810513
363100,0.039951573849878935
364399,2.9692438986229552
364861,0.2117400419287212
365542,0.07142857142857142
366164,2.0722657823108137
366407,1.8422711356793944
366681,0.5
366889,0.2636217255874725
367188,3.4017193760583235
367417,0.08783213333712779
367459,0.48135057272589743
368112,1.3929031093693236
368367,0.7456363583437268
368451,0.3307249554955152
368578,0.08146197793331933
369270,2.479401353889159
369389,0.058175733476432435
370703,0.26942826179600143
371258,1.4766759088585324
371530,0.11552950474183353
371879,0.07668969691909493
372322,0.31548285143550253
373592,0.47129166961338276
374126,0.6972868403776895
375945,0.9354587439422231
376204,3.8214777599126246
376422,0.077734375
376608,1.0269330974293478
376739,0.41450048647843574
376793,0.12562814070351758
377581,0.11841640779440836
377891,0.4431649526724525
377908,0.9738471493440004
378041,0.246444244787391
378288,3.1161535054429623
378624,3.7585939808831275
379125,13.167034494636672
380235,0.051945171024573175
380259,0.709423347398031
380651,0.1161020219202134
380704,2.1274463858782946
381371,0.3385963286849239
382565,0.16666666666666666
382734,0.02758020327920883
383889,1.0834987692870137
384675,2.560276974552878
384920,0.18236619602930687
385180,0.07862085639125456
385611,0.21658933374149958
385766,0.07034197008424634
385879,0.05983361405613687
386253,0.43170406167923736
386560,0.4615263033112932
387095,0.3168969774537831
387530,0.40024285415952243
387720,0.6890404340010032
387815,2.933484410875761
388198,0.3404315813475183
388773,0.4805463596688709
388972,0.06251973476476161
389213,0.17393621732157935
389979,3.222492737414974
390390,4.8006202831974525
390477,2.9605622338852333
390532,0.13883933805002013
391003,0.0897346936105826
391177,0.14337175792507206
391285,0.16694772344013492
391398,2.296979773873972
391519,0.06460326897306683
391933,1.2209050201416434
392299,0.44786491046478677
392553,0.06666666666666668
393031,0.1288724032575979
393257,0.957803143201597
393345,2.601776703526766
393789,0.3702106012416503
394449,0.31770948624236195
394806,3.0500233091667215
395187,0.057823590302785575
395819,2.2455006194853047
396154,0.07182656986609512
396372,6.8062584453097905
396676,3.204959814895753
397042,0.16146050704132614
397876,0.16180464178630585
397880,1.9334881476226
398259,0.8721945457087321
398615,0.578369947717344
399437,0.03438600791409254
399659,0.6503946617904174
399733,0.2509173376943994
400279,0.6441893653126879
400815,0.06671136439825677
401066,0.46692051817550023
401114,0.15797274846392872
401166,0.076953125
401287,0.9369501641843321
402249,2.6043297833089567
402351,0.678840002327683
402872,1.7760086870320322
403120,6.858384298021939
403184,1.9732262400497986
403454,0.569620253164557
404345,1.1145117237952926
404434,2.9402140555255962
404463,2.21069693173928
405142,0.1109253065774805
405522,0.2746110727261134
405903,0.3575640671220661
406294,2.0033896843664745
406575,0.06211048400889345
406583,0.3684023906561216
406657,0.033325124365857266
406733,0.31033355100289783
406898,0.011296811303919829
407300,0.26273072275583986
407986,0.10745515583292929
408531,0.08304647160068848
408696,1.332972754627947
409337,0.4837627849710704
409670,0.6845069716376422
409954,4.7993805443254685
409968,1.685520798116145
410219,10.553238624119398
411745,0.14117253939900046
411761,3.261640186752138
411830,0.034393623862689245
412134,0.15501945029090394
412393,0.11135982092893117
412710,0.11350829028326692
413524,5.190673375038877
413683,0.02409827642113257
414016,1.1080420012740813
414251,8.27607085647611
414291,0.016048470163309427
414506,0.04834690577168056
414745,0.2989600256896611
414889,0.8678331564845985
415239,0.07713283989092326
416785,1.0392193659798776
417607,0.6518014147188652
418662,0.6934132690134989
418740,15.383359040299483
418955,3.887401551636983
418981,1.7756756829422418
419102,0.9529216290127729
420133,2.840330952509974
420504,0.05889351576442594
420539,1.298266168294158
421122,0.26390906689390514
421315,0.27017777211034755
422405,4.380981156669621
422947,5.299603456421144
423095,0.13137665967854645
423267,2.300007300249157
423305,1.6276601062833842
423829,17.027829316925246
424117,0.0933966248776086
424244,2.34066553228514
424292,2.0470543123898968
424296,1.7422020497801822
424302,0.2
424928,0.1126911230380494
425105,5.615195073164419
426564,0.048442064264849066
428717,1.2522703034233946
443997,1.2563641909878185
446509,10.361124459123388
449578,0.14817527944888315
450700,0.8641958198438475
450786,0.25
450991,0.20263424518743667
451183,0.09621039840747238
451296,1.2732304329829023
453041,1.1320188108408498
456896,0.17244232726500572
457807,0.9355899228198611
459027,0.48159981121663853
459616,0.30505171359958494
460390,0.16806722689075632
461737,0.01126334107508862
462110,0.33241628935856654
463435,0.37614124703288715
463527,1.6961719480262754
465562,0.03864682955744146
466759,3.253345073346964
467203,11.705090793803103
467382,0.2711981650748206
467444,0.1006066734074823
467749,0.01501929042848118
467853,0.42346998662692603
468632,0.2855352825148897
468911,0.12619502868068833
468938,1.5
469286,0.42182739493321075
469519,0.26890626160597386
470588,0.14275309541150766
471156,2.0708857245182433
471355,3.852609602857417
472102,0.11599990048265912
472735,0.1281031461508107
472925,0.7784265893669773
473554,0.882638705280183
474482,1.5731316820538366
474648,0.41253195340958076
475334,0.6165922916198177
475362,0.6483727577033409
475431,0.12555485098287889
475932,0.7584410209380236
475980,0.32411751927879706
476356,0.24810221493225235
476645,0.3924731182795699
477001,0.5111867540919115
477116,0.5628874403684322
477377,0.650353508952623
477523,1.5238209619200558
477875,4.308066043433842
477954,0.2925285704029479
478173,2.0
478246,0.08679316308520574
478426,2.666964581513168
478603,1.844048619307722
479028,1.6462726470310596
479113,0.851001219703054
479149,0.24968632371392724
479350,0.8029842330738841
479548,0.04753820033955857
479582,1.9145470119634216
480086,2.4741267599156958
480108,0.28645783288961646
480472,0.1809242871189774
480830,0.8234620777322923
480956,0.25031446540880503
481057,3.083224289402031
481354,0.26357780289502697
481461,0.13461902890426342
482334,2.7025675377703355
482572,0.050536609515851406
482600,0.6647491613286725
482677,0.654555666791204
482787,0.7574270933900591
483334,0.3284988810844363
483587,1.7224674572053082
483716,0.08983623267225903
483848,0.2723977411477411
484145,2.062071625380939
484396,4.031918388799757
484607,0.10045431600201918
485135,2.5127579173878707
485191,0.8737542149149967
485365,0.26935669085489505
485525,0.8320802005012531
485791,1.2328089399324393
485991,1.0
486047,3.0592277308423235
486305,1.4047240871845508
486645,0.15090537350669506
486775,1.0141655456945171
487012,0.04470174869506769
487038,0.31721518154558836
487186,4.006534819772855
487219,0.1919299274353148
487271,0.8232685887350027
487534,0.052140952336590086
487535,0.33449929330368755
487663,0.22118164321084735
488378,1.3493629853340618
488859,0.47022832084852245
488921,0.4781222610813589
489207,0.24329812547593818
489209,1.069520332792142
489303,10.31514567075581
489316,4.614845867137197
489520,1.3290908595052435
489606,0.031961143396195164
489676,2.4581996155873393
489845,1.7649309396693935
489876,1.6625518833963564
489999,0.8676168006167683
490004,11.877890086322537
490141,1.0766329443291995
490416,6.471208110484535
490549,0.8506834013987833
490554,0.15247371131006848
490620,0.5525190358627564
490738,0.9254387209205597
490763,0.28327843450822077
490769,0.20041322314049587
490852,0.23856021824104234
490860,0.2267035597940236
490952,2.747196748980735
491174,0.5
491220,2.7736903736551777
491786,0.2
491802,0.2444600389335876
491996,0.012088131676517256
492037,0.5725491710061479
492162,1.4116543725247224
492275,2.1759375689259626
492331,3.032196991821283
492466,0.45697773902092054
492521,0.0614380410631805
492663,0.20688231211569935
492670,0.3689474582053906
493122,1.2071899446037788
493327,2.747457001125304
493412,0.1521334799353436
493848,3.732559120404801
494474,0.13093514699589376
494537,0.6358293362295157
494746,0.06650990930466913
495288,0.0626377085300598
495338,2.69724098561848
495455,0.06261859582542695
495784,0.43948552167847815
495861,0.21290251960468642
496097,0.9345481049211867
496370,0.03827001574238905
496405,2.779142200704606
496487,0.8430585787874283
496525,2.072260664915058
497132,2.4026333072877324
497236,0.1002014098690836
497760,0.2685628358759499
498691,1.4826015177305853
498961,0.2222963028713963
498987,1.2071738361979565
500298,2.3393664858901606
500612,0.2584449507968817
500664,1.7388477564675815
500889,3.199703502346011
500992,2.4588213096215203
501081,1.2053309180388556
501407,4.538180542306073
501692,0.3070232785938665
501802,0.8121956523712943
502163,2.862783424708796
502199,0.4194475919024101
502351,0.03842539614978068
502371,2.358986195371436
502398,0.5223248890990819
502774,0.025938051711952858
502806,0.09621039840747238
502978,0.03420402423554223
502989,0.038424603178699834
503242,0.33444816053511706
503279,0.49402227025768836
503283,0.21259550284503212
503460,0.5839666247684003
503602,0.4442733996752683
503668,0.09639533943727499
503913,1.0314013768410313
504169,0.48071324572493
504276,1.257345201704857
504815,0.46791546276965423
504928,1.3446772415978974
505047,0.4995960809582332
505532,3.17673457725072
506513,1.7195358739812718
508391,0.13137665967854648
508443,1.992316684129797
509156,0.08357832843343133
509223,0.9593416351698488
509356,0.47945264882951116
509367,0.06423444976076555
509524,0.023687812909834103
510805,0.7305565109994347
510885,0.40172266355659914
511029,1.632826844407563
511041,2.2550558476796505
511257,0.1614509327626717
511773,0.057350845880864615
514563,0.6531227153505267
515251,0.1639937488211678
515628,1.1613690537609966
516202,0.16112078761208373
516706,0.13149326945066558
516929,1.350924952809116
517074,2.5830469855407223
517264,0.4421192399527459
517607,1.0458895292845725
518252,0.5
518313,2.2848784229366186
519637,1.9439009560105145
519715,0.11267316933409897
520033,0.6257419043970813
520215,0.25095551582438064
520545,2.963487526485089
520583,0.41791144169234906
520975,1.073504295545956
521674,0.0959649637176574
521704,1.029172559989297
521851,2.2959322889400577
522377,2.712812866553934
522768,0.9018464053405948
523661,0.03347725393885565
524050,0.9029446765482577
524239,1.1300839665007771
524522,0.7025307888497513
527024,0.08322771440642163
527267,0.5233574983308305
527379,1.1949358125305993
528221,1.9785063783823902
528243,0.25125628140703515
528895,0.5012658227848101
530745,7.488444861264899
531986,23.81028871159775
532487,0.28513869156093896
532957,5.851006705834144
533117,0.9883937077176526
536122,2.2812003419389
536275,1.4290805286252435
536754,1.8702953184872657
537444,0.22464430548336745
538677,10.905821628414776
540010,0.11302771423680813
540139,0.19838056680161945
540883,4.440723938800064
541125,2.1767986654879725
542549,2.8475090333414883
542976,0.5535533897682505
543055,3.5039046551411985
543595,1.3383606882781633
543867,1.9459640248342942
545074,2.4706911913602205
545534,0.3658312380017547
545726,1.8453455321658927
546214,4.314277292812686
546738,0.16822598056854984
548020,0.201844262295082
548338,3.64535386060468
548397,0.10035122930255896
549797,20.953689706850383
551115,0.1015744032503809
551465,0.17154682299891472
551815,4.734991070667451
552325,0.16792097836312325
552576,0.13343596059113302
553483,2.480334320916715
553810,0.19760307026074264
554963,0.5005509561994953
555695,0.8787822289566962
556242,3.1743169047108504
558339,1.200176156318454
558596,0.7093154779678961
558954,0.16722408026755853
559405,0.6678571428571429
560208,1.7567225676727274
561105,1.9542210818376453
561715,1.7860131695070423
562030,0.2775998597266599
562304,9.427609186624652
562663,0.05055273993701829
562850,0.12539184952978055
563834,0.7255743099666864
564239,2.195773778175793
564333,1.8070710444527156
564726,0.46365264266972706
565521,0.3948615160349854
565634,1.2038879522048638
566918,0.37680636822241625
566984,0.12079694119466017
567190,2.3316716882543247
567325,1.7486453011805594
567374,0.4572271386430679
567570,0.5568172116888654
567624,0.7423841950761492
567862,0.6363392301833235
568071,0.8027529927541901
568137,2.1846630118821047
568368,0.04517627712523786
568622,0.11904375383300447
568861,0.49480276282498653
569119,0.2101109215017065
569256,0.25118461825855504
569402,1.3041263204391507
569600,0.2707102420652212
569644,0.23792597817149577
569685,3.5864933607773546
569914,0.9004001800809835
570046,0.1924158259857839
570061,0.2998951789835533
570825,1.7722434024579303
571845,0.2732954079821889
572106,1.3086310339362381
572499,0.275037110636191
572508,0.333889816360601
572579,1.8108943942820601
572737,1.344654413982699
573100,0.12896222384251366
573241,1.356904501455456
573391,0.13512877467636875
573410,0.3616568922137121
573870,1.2598577953572536
573978,1.9862766053354506
574033,0.11218711232542077
574057,1.647472615248634
574102,1.6222683936371154
574119,0.2206208425720621
574143,0.06802281913721335
574483,0.5012722646310432
574597,1.8352038407754192
574772,5.038663313612029
575012,0.15516888329487816
575051,1.985906375492339
575379,0.3505998761809892
575522,0.9996723338173923
575695,0.412907466288149
576718,0.4813183736088586
576839,1.0708472964818356
577235,1.6399602426995001
577261,0.303424180308878
577358,0.5934604092434821
577531,10.373720309901357
577590,0.6175329611927157
577627,13.009663458160478
577720,2.83628563424646
578028,0.05436557063126322
578031,0.760627471752464
578141,1.2925111088616819
578744,0.47918052934336014
578999,6.314744313860303
579458,0.7318826535574986
579823,0.1102856677454462
579839,1.6556200502059977
580058,0.43398191149613324
580300,0.919385991665473
580485,0.27093738689829894
581713,0.12571067593177512
582024,0.32781133268824203
582253,0.17101806750085985
582313,4.735589588465321
582930,1.4591125524474267
583478,0.4381325085510438
583618,4.476921621985488
583723,0.7365498352787481
583935,0.0647434857958168
583959,4.8787486437531395
584257,0.17473027649664563
584695,0.5012919896640827
584923,0.7171884108977297
585092,0.7058360379311703
585189,1.740718059728084
585249,2.7204651531196116
585574,0.8401584037155542
585896,0.17419918960434044
586798,2.4441404223047143
586843,0.12531328320802004
587608,1.0027038140437041
587631,1.0
588112,0.35637320427690194
588246,0.2503128911138924
588450,1.2114176552839548
588508,0.2611779380765919
588679,0.16417525773195876
588887,0.11518925440446914
588943,0.5782269173562684
589630,1.1177464965548103
590265,0.2069896319238052
590285,0.30623839566093
590441,1.6599298381697813
590479,2.907143764353073
590483,0.7039588400873688
591048,0.26424304856820263
591104,3.4301589547433715
591459,1.370567460321557
591620,1.0
591902,0.14273597723439446
592595,0.24663983125462163
592954,2.4666701881786044
593129,0.04825217132519364
593930,0.3652382388828828
594665,5.183946388564173
595101,1.6418727414099532
595559,0.4040350362823426
595768,0.3913887277264563
596126,1.7541529265636202
596451,0.38706115183536555
596922,0.958400650315846
597094,2.03515373056199
597239,0.09039119979784843
597309,1.9612834871956464
597736,0.759057820346881
597875,0.4050683739710442
597965,0.3549987722220076
600069,0.058159896171504064
600228,0.313248123314367
600640,0.10866787617982587
601079,1.1088663740294928
601421,0.017569175049557247
601430,0.13570121893702308
603036,0.393116791428864
603590,1.0543564161998966
603621,0.04865829146247417
604075,0.276809794009537
604852,5.591471871782725
604924,0.13205038613843645
605375,2.793681233067304
605965,0.4050631152550712
606043,0.055591112184518766
606283,0.28567836944245256
607028,0.19499786554256246
607053,1.3629995430699609
607094,0.06236220472440945
607202,2.2021763099386304
607283,4.550697881050617
607448,6.062777182090836
607773,1.2874578317192213
607804,1.993538539886779
607967,0.48760878730958
608135,0.5025380710659898
608166,0.13382060520814015
608701,11.453783859757944
608945,3.683078067312943
609396,0.5622124772558099
609590,0.36135186546002607
609966,0.13625283763164753
610339,0.5535741098366462
610346,1.4386413093703456
610706,3.9228538564209186
610880,0.33796820364521996
611007,1.097798168306274
611102,0.7699229691494729
611104,1.1557189039364084
611877,1.3570140511925455
611881,1.7968413002639834
611929,1.2946507011246324
612716,4.024625867286594
614339,1.613550284302721
614455,0.22118601949111497
614823,0.3306939655767644
614933,0.20060180541624875
614982,0.8080700725646852
615026,2.5625815584836587
615119,4.639478998675757
615304,0.13875098428864716
615489,0.2333518450879166
615937,0.5902377815129181
616296,0.4362549135460635
617196,18.23903833641546
617336,0.12372902449578083
617370,0.6670074518356962
617536,0.1665264928511354
617568,0.7060869716676709
617613,0.4587028820225864
617844,2.2949984141079574
618230,0.12507936507936507
619388,0.2503160556257901
619423,0.2645763923839945
619536,0.11148272017837237
620056,0.7666460137889086
620121,1.0168493696718905
620126,0.23105097628095925
620386,0.7469110900810091
620495,0.3231172945943387
620578,0.12483994878361075
620603,0.05809654116478129
621101,0.3322147651006712
621423,0.38067465013699886
621944,0.46419623338661836
621959,0.39192992743531485
622379,0.34587109140586403
622805,14.392171709342637
623254,0.5797831790469071
623518,0.47935277317713065
623985,0.344238586009714
624215,0.14884818337033734
624504,0.1234494674225044
625201,0.3019828708150287
625278,0.2770207722625075
625736,1.5561919792818044
625739,1.7085437390377332
626268,2.0732365356831406
626463,3.22194809448001
627026,1.7722693361445485
627250,0.3280109170582919
627337,0.7472364894156267
628467,5.020715322689086
628684,0.08357242104281053
628981,0.710196148951453
629609,1.1571881098170949
630603,0.09672404277118178
630882,0.5338633100970798
631275,0.16736401673640167
631535,0.3892500780060335
631579,0.6754494258734528
631774,15.138116074117413
633078,0.5172003820709214
633079,0.22012739402749368
633181,0.9665238838427284
634377,1.3651075922191755
634674,0.407808386803764
635413,2.474747161335304
636044,0.6541362670100198
636106,1.1078420061330843
636382,0.13246524894700623
636394,0.5043583922967485
636433,1.950378331395545
636474,1.515612527271132
637150,0.5454115208100121
639005,3.7810265649355683
639053,3.5211801092336654
639056,0.8077891612883066
639397,1.640298249919946
639621,0.11415466612002255
639697,1.673296160246714
639748,0.2
639789,0.9854554079127051
640675,7.957152021954485
641450,0.32839212403937595
641626,0.07007682218474798
641709,0.042961780507713695
641994,1.5078370810429034
642427,0.25
642542,6.88422364977266
642664,2.03522002193109
642796,0.056291220427179774
643549,0.866706915276001
644880,0.32002648022993885
645474,1.8557691565303451
645612,4.1784305286232915
646353,1.09573194781761
647670,0.2797141702616326
647796,2.1264314283851227
647834,0.2557916428159878
648097,0.11476842616422402
648106,0.31079909821443574
648407,0.6298660152718739
649435,1.513054972764849
649950,1.312982005141388
650525,0.06941110925527216
651107,0.9542251556906562
651156,2.4620328022081446
651187,0.07181719260065289
651796,0.052140952336590086
652255,1.035176414238804
654490,0.7737296593550782
654543,0.05575791538246008
655273,0.5686256132210814
655547,0.3883045633396699
656420,0.2826136474569653
657329,0.7882853780861083
658346,0.9966579036465638
659299,0.27778661302883223
659517,2.2821853455774734
660053,0.2351451879335461
660401,0.7812335186743501
660507,5.109458826942392
661524,2.8462564089214633
661525,0.8616641531543954
661974,0.13078246175832858
662416,0.8672311944917522
662642,0.0595329426287191
662797,0.6010126814216143
662800,1.5837319248618376
663424,0.3333333333333333
663455,0.11245973577330658
663645,1.518211708185521
664194,0.795947148426725
664272,0.2563359433532057
664346,1.0604235234716968
664378,2.335968763335159
664618,0.5
664770,0.09186954524575104
664817,1.155245536367977
664849,1.7554988667755989
664883,0.1970649895178197
665860,0.3219202246160875
665908,0.8719992511554044
665944,0.11193603655054253
665957,0.23203747477226927
666244,0.2948524893083036
666763,1.2920662555616436
667020,0.48034200986325404
667169,0.21004232831425312
667556,0.2632032394244852
667584,0.5030387496692114
667622,0.08793160347680744
667669,4.744050164398478
667794,1.4122747445025143
668127,0.2506297229219144
668302,1.3430218566584213
668448,2.938453827604042
668922,0.32719334513578285
669015,0.7289109293686038
669303,2.4697933473832965
669473,0.5654652157912534
669511,3.013621717807159
670088,0.2184555322220672
670226,0.7949163754702407
670641,0.5
670734,0.2004028197381672
671156,0.7049911756093495
671244,0.6146991426194305
671953,3.557448180682651
672011,1.5406276402462051
672269,0.06476042273731225
672498,0.34812626256562834
672910,6.249373189790476
673114,0.7024361127733769
673208,1.0435237025499193
673360,1.8871247248075447
673486,0.6766241638208623
673621,2.447777434154034
673752,0.44481605351170567
673933,0.8847403518830376
674011,1.1073542105206282
674150,0.038385985487062964
674161,0.4842142196405159
674163,0.03842539614978068
674262,0.1311536093225557
674263,0.9924127986661547
674310,0.07539623082557408
674332,0.4200324484990328
674600,0.031213687116714312
674662,0.48203380103387505
674873,1.2158026626959106
674887,2.0099628619164163
675495,1.0609687533556333
675710,0.21948322438363133
676818,0.15452995888288576
677241,0.5012531328320802
677352,0.16081055889529347
677781,2.7532867030647767
677842,0.8511612105593538
677991,0.12384339398989766
678009,1.898333497674186
678339,2.206260206841422
678408,1.1080331775298242
679219,0.15801094394773813
680003,0.5357141826229609
680065,0.16652506372132542
680374,1.2892478214638838
680476,1.6060084048691
680522,2.626240529369163
681154,0.30198523170851854
681171,0.0517379236820822
681340,1.6395510875962356
681718,0.202020202020202
681956,0.4584484390062005
683065,0.2210124048657076
683085,0.4435987761179055
683658,0.14327272727272727
683686,0.1940090028811916
683750,1.8136628882277557
683795,0.6196123911620366
684240,0.22150254694025384
684253,0.8572535656177848
684830,0.9876680210566315
684920,2.656041345101101
685031,0.12555768005098789
685647,4.4586474103969165
685751,0.6031549699262336
686560,1.0946390221432551
686577,0.4142035703949003
686897,2.5326642768062158
687487,1.1214946517086946
687561,0.7737861147657161
687933,0.7394540591985782
688400,0.6198664293415145
688515,0.3165796406187123
688804,0.10099830398824472
689367,1.2452447163279725
690254,1.6046298370435055
690456,0.3303829799061474
690718,0.6189713593976574
691371,0.2513292074148647
691807,1.0621560077509369
692100,0.17512916804154338
692251,0.23240975537446368
694411,0.1112994350282486
695019,0.8647025452895125
695189,0.17703615973603617
696015,0.5219740445785281
696668,0.2
697350,0.6204602587794223
710448,0.7045539394473337
717419,1.0262631390348782
720741,0.10035122930255896
720786,0.2
724720,0.07803355442840422
731975,0.20987654320987653
736318,0.2687853061635437
737886,0.6954142917777726
738182,0.30944155641472637
738674,0.09635147327421163
738855,0.6535081669440037
739041,0.44237273074355943
740576,0.40436323212672826
740833,1.6346994824306025
741177,1.2066133906811398
741236,0.4604192564556854
741380,0.678845486321473
741525,0.22439718650249896
741731,0.14294379619135794
741746,1.5059308494467913
742166,0.30499176584159077
742673,0.1581341155205685
742899,2.5642065138050993
742980,0.12610899873257286
743760,0.5431548733071921
743929,3.2118079744399615
743966,1.3071912651024926
743968,0.427879283086757
744075,0.12854408225646966
744265,0.48066016575452186
744548,5.81432518740714
744796,2.136890884926885
744969,2.191929927435315
745071,0.7256308201531357
745241,0.9754455737115748
745316,0.7140380247485071
745318,0.2656823443418707
745568,0.23833620867056532
745584,3.7402828002492328
745617,0.9677698138415853
745915,0.8855720653726634
745964,4.790679064679898
746010,0.5188681875335179
746068,0.8624086828327548
746182,0.18363010000957714
746302,0.07158273381294962
746387,0.30742906836806183
746407,0.12547528517110265
746666,1.4884830396545161
746731,1.8760867857880144
746915,0.5427728613569321
747243,0.025764476252439817
747445,3.9098814783713274
747506,0.5470228940348631
747757,1.2016207226515305
747984,0.4218161974697653
748088,0.11091954022988504
748222,4.8655595663253814
748262,0.33825304624874747
748421,0.8080700725646852
748773,2.281825375349725
748904,0.2232651505433136
749175,0.5819435243697793
749222,0.7762132084553037
749272,0.6423444976076556
749273,0.09665614639719793
749476,0.8674987339522349
749504,1.9158132051521302
749571,0.0959649637176574
749671,0.47519830156774256
749734,1.496181750907806
749743,0.13456564388315678
749970,1.161188242205598
750131,0.3516063111607166
750203,1.3015651625786238
750456,0.08983649133447437
750519,2.8296002258125736
750742,0.9268665456151431
750925,0.03830780629055163
750970,1.760475093080142
751019,3.4550174438459718
751256,0.18974133772477003
751592,1.6347016563725405
751604,1.1320407538253767
751613,0.5271333274984557
751623,0.6229847323763941
751738,0.12787155960162827
751910,1.4884933255494548
752303,0.13287153187641282
752314,2.7333319509452734
752673,0.48828927845342385
752770,0.3525933995255694
752773,0.32400653103835897
752945,0.7537936988457705
753094,3.4408728737071748
753104,0.062244177840508126
753237,0.2759401926153231
753422,0.09064162339480483
753507,0.05187893750072782
753617,0.5231941516730728
753685,3.305392105908541
753706,2.291096888068783
753833,0.1181628509126097
753868,0.8137988838986692
753963,0.8285920300553042
753985,0.1670261498037016
754032,80.05436251965699
754055,0.06259476233568406
754219,0.02120410360048466
754251,1.5188485679599588
754587,0.24363394405357738
754767,0.11091954022988504
754879,0.18511417653658868
755152,0.07372902121940557
755156,5.35968732876643
755494,2.978633075393963
755496,0.15346216376049887
755519,0.507820132789315
755570,0.4118405335514397
755745,0.3338926174496644
755792,0.07245843625724847
755918,0.4604301229397995
756180,1.4712887660633052
756291,0.425319403672592
756518,1.1973179612630287
756656,2.1436035461102776
756740,0.6660691981144127
756772,0.4895025734978638
756959,0.015967005847759636
757070,0.08978556361829836
757157,1.2606156051574917
757177,0.13479238297649704
757335,0.3475670579112475
757342,5.485406381325801
757665,0.0914994476731078
758194,3.9667429897521442
758208,2.8362629779963027
758444,1.692456183668777
758453,1.9768587925893326
758520,1.6755574365964518
758601,0.5620110958548338
758630,0.42061490357898623
758920,0.1587123353367225
758943,0.41917467941867836
758999,2.795965081165579
759031,0.6608685648658282
759224,0.20961107069613344
759491,1.940657943065069
759668,0.22287767280276277
759998,0.16082556472104265
760154,1.303353704132564
760214,0.1007085020242915
760240,3.419256982029758
760389,0.14169835368307926
760977,0.382647459322129
761064,0.09129213483146068
761108,0.45984829497819146
761179,3.193804130376761
761341,0.4962144683449395
761478,0.06916537867078826
761706,0.9487993622498552
762177,0.583668245840832
762288,0.8438725489050991
762500,0.7209857488715257
762618,0.3228277758595176
762652,0.8898858955551108
762731,1.4936167783873957
762821,0.23133398222559048
762885,1.723484672642375
762921,0.03022620421023905
762990,0.062134850616978536
763237,1.5909041810706084
763301,2.041964662955319
763341,0.5387133817097901
763551,0.22032827165151594
763554,0.5718420338380842
763601,0.3209102140064042
763611,0.36767885510317466
764181,0.5497393727783795
764636,0.30830830782082796
764702,4.561571887786186
764890,1.3618654301716908
765302,0.30605746379541143
765435,0.27816731127663674
765585,0.5186835857595276
765595,1.6255627379471853
765722,0.2585593215194216
765773,0.25
765900,0.061867864930733714
766066,0.37056354984225875
766078,2.082157717903513
766094,1.7155583644633234
766361,0.8305726456643692
766385,0.49444801651493575
766533,0.5339412360688957
766893,4.1497025409661745
767016,4.722723134457433
767068,1.0740515625177638
767095,0.1609141979791463
767129,0.027438662646544272
767370,0.18296238574391716
767741,0.2495449652576501
768010,0.20136769554653566
768027,0.4074758879206897
768149,0.2002063983488132
768231,0.3296513388235312
768321,2.2335606458629336
769109,0.09620668906707214
769388,0.11843012623592715
769444,6.17321770317693
769486,0.3365173481983968
769523,0.1
769616,0.3446085855493428
769876,1.035392105748779
770007,0.427574464948957
770629,1.2971508999094807
771010,1.4587232204729916
771269,0.142114915508676
771297,0.2035988095150111
771419,0.1614533165941222
771438,15.864589940606935
771470,0.33559322033898303
771792,0.5673718557933771
771838,0.1130142158906228
771905,1.2845567519667747
772191,0.7607273110458216
772526,1.8214530165850034
772567,1.6702782036109245
772721,0.20231972195826517
772745,2.6118854984341913
772976,2.4305893432501144
773392,0.10140263070167681
773407,0.1919299274353148
773642,2.1180769050562898
774588,2.4940487834599097
774791,0.3919874559696184
774956,0.27326469753114746
775323,0.4847419635827477
775406,0.2212342150879115
775877,5.891196734524888
776011,1.3291754473810151
776093,1.9918554249685017
776301,0.2692009431685267
776371,0.41548758727439206
776562,0.5835406201668828
776576,0.5012531328320802
776659,0.48624449797301533
777009,0.20060180541624875
777210,3.1898569447163374
778344,0.8981290151054433
778363,0.07157552973342447
778568,0.5997542284176111
778656,0.06259930092151256
778906,0.04467083949956886
778959,0.11415466612002255
779209,0.20462561947551436
779670,0.5340728420633323
780005,2.163523900859232
780258,3.2609108549356267
780451,2.6037447952146
780581,1.6276875155711013
780625,0.3460012094041757
780948,0.09644963525158497
781094,4.338564444341813
781172,4.974826938792973
781350,0.06686827956989247
781370,1.665634442554803
781399,0.17882775119617222
781423,0.22021475025927115
781732,1.233388523190122
781766,0.6163974482370804
781837,4.036500200363682
781932,1.3600120432369047
782163,0.14255014326647564
782191,1.798943200040943
782631,0.06223203907169221
782768,2.4860522967940337
783025,0.16792097836312325
783250,0.0892263103907778
783909,0.1420389834369204
784527,3.055637871471021
784732,1.2743853342520135
784760,0.3535237387526608
784766,0.27046714348335854
784814,0.4741898510753032
785101,0.6973792230089524
785283,4.65267038434464
785357,0.324997346784577
785380,4.401121871747331
785611,1.32422145773825
785773,0.2536027888250227
786080,0.21465725664902488
786228,0.37632364778371885
786245,0.5036993974269962
786360,0.25196134027671574
786613,3.358936457613252
787696,0.07205240174672489
787702,0.12595379025872858
787757,1.1665866708601145
787940,0.24394259474148788
787960,0.0517379236820822
788508,1.5603126946672476
788568,1.7374031296533428
788569,0.6825369822379863
788582,2.0918434235904386
788937,0.5163421703753345
789064,0.12463414576562577
789340,0.15934680269078225
789514,0.4359213104795158
789721,1.6358735799771233
789775,1.683024437148355
790078,0.25246335720858265
790227,2.246405029865397
790509,0.38287140100218614
790604,0.3210257922531693
790667,0.6288277436168093
790732,1.4857626429818593
790797,0.062437657753831005
790814,1.9378692305229832
790820,3.580543360457251
790833,0.8368743193142294
790988,2.5364456428270987
791120,0.43996005411142525
791318,0.8378285527191214
791480,0.44675729024173577
791483,1.4969305493101646
791609,0.2506265664160401
791734,0.08357832843343133
792018,0.3810100938172792
792051,0.09043639768243524
792175,1.663135378931532
792370,2.114438155703544
792507,9.500707204629965
792530,3.749492555734681
792583,0.5584354373920799
792733,0.7030406058537171
792925,1.3891244967874101
792953,5.455059942302163
793022,2.015907801347996
793225,0.16607142857142854
793227,4.315450198008417
793425,0.13638056997762815
793456,0.2027817710471278
793664,1.4779828363890037
793821,1.7081751637326654
793845,1.33500769088487
793848,0.2493734335839599
793898,0.08396946564885496
793988,3.716667878431042
794173,0.08128240982807247
794449,0.9867504112447694
794846,0.8727335188397374
795054,0.11300158868446675
795341,0.38257692399442456
795841,0.15765199161425575
796045,3.461895317869416
796166,0.7654366333461029
796281,0.06277602523659306
796439,2.2492915222023138
796710,0.043142822553130615
796734,6.102281986075712
796736,0.6496004174250112
796741,3.603691876550972
796914,0.0759475095385197
796950,1.1534534490603594
796957,0.06220806528777624
797056,1.7043255965281847
797147,0.12023437452150884
797205,1.0946237546520416
797431,0.8189337771592196
797670,0.09974683544303796
797881,0.18123568864586032
798113,0.3208182210864215
798248,3.9916699729659997
798326,1.5579189674676797
798477,0.3197365981132032
798543,0.28810232307837147
798606,5.193866668747495
798658,0.10158303502234514
798662,3.7513442096903304
798792,0.3363142001669372
798992,1.5266118152434331
799053,4.018690465577254
799081,0.8573976411316262
799100,0.11829608442496009
799348,0.0694932856305807
799466,0.4544985494673254
799644,0.07116920842411037
799771,0.23602130336640215
800100,1.794263856421098
800332,0.12112541554786713
800426,0.6294768917347175
800475,0.1493948584072241
800695,0.16226634151399835
800926,0.2705581962252741
801573,0.6446804640385811
801615,0.2
801762,0.10805555291728414
802264,0.016364766647487917
802302,4.105785211494429
802464,1.2558106484595761
802745,0.5559691338747272
802791,0.37143949932268044
803009,1.7929842004758032
803026,0.2726958402891153
803162,0.20461321769486646
803242,0.24788656138693238
803544,0.5778789430656804
803720,3.5748945927686373
803752,0.04792072834292287
803757,0.04305051881354156
804289,1.6314770252901698
804431,0.31515385412753644
804476,1.59107316929919
804559,0.6860881812082933
804706,0.34791404294571293
805208,0.6000731508987309
805332,0.7165421174506823
805345,0.10072243705985595
805661,1.3731394564914423
805785,1.6094067322563745
805930,9.938822163465261
806168,0.24416667165942607
806247,1.7940419455087582
806336,0.8349776552883816
806507,0.9621900040324403
806542,2.227674425222532
806740,0.01765786054164084
806822,0.1880155808818787
806829,2.1535043166403303
806877,2.8461409910261466
806991,0.04269655166463925
807026,0.2047002121669918
807028,0.6345528033464529
807068,0.6836606715713529
807121,0.1843611756626738
807489,0.29056086716500096
807869,0.25167426763562506
807949,1.2910245457990448
808155,0.03846368991112584
808198,0.3754052793575329
808212,0.6837282641745903
808214,0.6605526853028904
808336,0.8734368387301475
808944,3.3850014826599657
809058,0.13479296529589646
809266,3.3470634382729707
809334,0.9437993526567015
809357,0.2080543629327894
809396,2.1983397484920317
809446,0.23504412680995831
809999,0.6669903085889458
810592,0.2891315829479888
811395,0.3838598548706296
811598,0.07692307692307693
811622,0.9569113805340765
811897,0.41422693029912105
812046,0.45705905293471993
812101,0.33445378151260496
812239,0.33444816053511706
812388,0.06819590519099761
812480,0.022979704634665823
812711,1.4884997146453605
812802,0.6914291912281038
813092,1.332686211895173
813392,1.8461234589742541
813463,0.08978556361829836
813485,1.8951378193165191
813731,0.8179798298430999
813946,4.457958366905042
814036,1.7591789530968576
814220,0.6096361848574239
814340,0.23051276413000374
814387,0.7008670274771331
814606,2.0046499611327304
814751,2.6812845015594844
814852,0.8335960282700488
814871,0.13277563905885134
814898,0.962720644917076
815039,4.017083286312737
815090,0.345842784836034
815236,0.5152849234923024
815537,0.28748923722839637
815575,2.330575020577391
816387,0.8890839932408133
816517,1.382812909835734
816701,2.4490696761722726
816890,10.073208288518465
816895,0.13595926525097177
816896,1.1083224427878744
816900,0.53845864156525
817000,1.337903209167189
817011,0.30656622057396576
817369,0.6415399330045313
817754,1.2552594336970673
818254,0.05648861831212874
818366,0.1057774914089347
818593,0.16822027858031025
818702,0.16341154146909712
819344,2.2926351881864058
819894,0.42149581395692226
819946,0.1000507872016252
819983,0.8917410221409081
820115,1.30757054714729
820232,1.559950512485704
820434,4.460364405408006
820999,0.15563694196778644
821571,5.885292223364031
821590,0.16477680303332704
822089,0.4030173157879286
822777,1.3854214865431522
822874,0.25532316788755843
822910,0.03882326036706237
823012,0.24450921990198662
823165,0.5323903167284181
823482,0.010088030511483426
824022,11.258365938548804
824219,0.9134373755768339
824599,1.7334474431146585
824866,1.0579762455713821
825032,1.2764356435643565
825087,0.8901363889639547
825168,0.33276740237690994
825208,3.6151210410251107
825251,2.721428905963079
825387,0.5367149893608627
825883,0.4275552430265211
825924,0.14424847930302953
826364,0.11636367780025414
826660,0.5135558891588299
827250,0.6206277270082206
827367,0.08005303528632346
828507,0.3544786923497688
828740,1.8893915612774193
828756,0.1754210471090963
828768,1.0387191742639506
829033,0.08308730493462674
829122,0.28285815171214546
829125,0.22186440677966104
829267,0.48549006750438317
829643,0.33089905419428567
830028,1.2583853543819805
830319,1.143884676110393
830375,0.42443163654009886
830425,0.1543660369201247
830538,3.419544172275526
831215,1.5238418868212016
831236,0.3515560449835819
831381,0.8232505065030756
831448,0.09635812734744188
831708,0.08072380041212834
831733,0.40309927772664067
832341,0.09565940093669756
832507,0.17383119818017437
833631,0.16340089063654445
833782,0.877263971731167
834108,1.1625737950603088
834466,0.6023598056041378
834673,0.19762527918340808
835585,0.5968393750179664
835648,0.7529819715524856
835894,0.021242185383942902
836017,0.04825217132519364
836312,0.5414769140868575
836313,0.07324805002200639
836394,0.21145087998688702
837150,0.37073207160101185
837215,1.3170497933705527
837486,0.1145076055621414
837592,0.15038901281555458
837946,0.3835691290590857
837985,0.3266099930965035
838195,1.5145456325467137
838241,1.2167281650466795
838272,2.13255415655926
838300,1.5531685279657195
838414,0.038582193909211845
838524,0.33289395934520255
838559,0.5967692916204924
838875,0.2413708152433467
839369,0.20826578023120806
840000,2.457974249000912
840102,1.7421345724634014
840215,0.07533183242137469
840289,0.08887066752927172
840402,15.542194680396676
840523,1.9712591813830413
840708,0.1335714285714286
841950,0.0336867950484066
842269,0.9074578720366007
842351,1.3018485782357594
842611,0.536237350070825
842802,4.143156226270684
843106,0.08055913300108057
843259,0.09693430678551253
843607,0.7507659977424384
843995,0.2493734335839599
845443,2.544643371990822
845468,0.856629036372679
845625,1.003835984107678
845662,1.5318572561001353
845668,0.1718284335357097
845775,0.11516273332101554
846092,0.19640147106929495
846634,0.21603261426342965
847305,0.25285895806861497
847374,0.7181786653082568
847735,1.5702443324974131
847880,0.29259021179997224
847970,0.07722157547535895
848034,0.744774485270721
848572,0.545935823580068
848784,12.141125497277585
848913,1.946835197580471
848952,0.5424350546516964
849246,0.23933138856303507
849405,0.1109253065774805
849672,1.155173803057316
850161,0.07914905316699315
850692,0.8544513417072291
850693,0.346248746877332
851639,0.1205763026794803
852007,5.004116551598283
852405,0.0987844960242779
852665,0.21574023115024765
852688,3.7654827079282254
852810,0.17264575759422265
852842,0.27905518054121153
852855,10.808076588398858
852997,0.129382949079201
853492,0.32368986319641896
853926,0.8127209819698112
854203,0.05884101040118871
854854,0.27652819359333564
854866,0.333889816360601
855232,0.08357832843343133
855356,0.02757855266576004
855405,1.0439224059216972
855423,2.9576088087763206
855531,1.3345936015861453
855619,0.4040350362823426
855773,0.3049697045677136
855780,0.2592031746183343
855836,1.365493088336227
855952,0.3991109446847676
856451,1.1355914189557692
857203,1.3479017308101091
857621,0.380266082534905
858375,0.6432951542426417
858710,3.8538828911399854
858827,5.733530312667321
859509,1.324234481901204
859589,1.2591585927997937
859868,0.29983744750339847
860080,1.8496784147610406
860561,0.7030005231166591
861252,0.2598044509424401
861687,0.9840393510441063
861757,0.021051130556107515
863102,1.2203308498459589
863733,0.14326647564469913
863774,0.0959649637176574
863790,3.1951415411871635
864209,1.9077158079414247
864257,0.47601394796120966
865016,3.1608184852478765
866215,0.14347202295552364
866271,0.047646776166708656
866417,0.03748657859110219
866491,1.5730120255275246
866786,3.6909372761458865
866841,0.6477627505349682
868063,0.20141700404858304
868092,1.9215323599895635
868174,0.887960869917261
868306,2.275933297599916
868456,0.5278083077810776
868616,0.5221979056078856
869409,0.33382978723404255
869417,1.2492004938569021
869487,0.11053837342497136
869708,0.12475884244372992
873886,1.7067613098647683
874289,0.9406304011597352
879144,0.5842888471177945
882950,0.9519190130829384
883318,3.266050295629577
883345,0.13963460345885625
884449,0.21717762170991073
884686,0.5198061334868445
884962,0.5212487014340939
885375,0.9633895211379533
885875,0.18330399871514183
886961,0.125
887348,1.3198320716096743
887513,0.8108108108108107
887619,0.7541220735431566
887638,0.6948710505115061
887718,0.06779557238829757
887719,0.5544935013650614
887806,0.1066781890633252
888484,0.2818265416611758
888730,1.4626557794076664
889097,0.3558747699732231
889449,0.3951431666424148
890559,0.09008736383214136
890724,0.3333333333333333
890799,0.06666666666666668
891032,1.9051023390688417
891063,2.0785469364955302
891264,0.34977946902116275
891575,0.771154428749906
891907,0.12670520218994216
892586,0.03922714882017208
892771,3.0278385908009584
892775,0.3333333333333333
892823,1.4595147124174148
893111,1.3285078470582858
893383,0.5393245436671719
893719,1.266221042608362
894335,6.510525845757786
894465,33.8647597857621
894531,0.2891990844847631
894664,0.06273687124705253
894827,0.3977266790325529
894831,0.543219999274889
894847,0.5507037901558393
894956,1.0663985199506996
894962,1.0818332678084022
895136,5.795814343239365
895443,3.0061654479274726
896216,0.07372902121940557
896817,0.0611263988259035
896965,0.032069716458657346
897214,0.19639207474238368
897322,0.07135757383125867
897783,0.15731028871737365
898188,0.3333333333333333
898275,0.6325278476304431
898331,4.2865168595114085
898336,0.3746837280144046
898479,0.4670069838603995
898828,0.6383351086423134
898946,0.593218780409448
899198,0.39667530032205356
899223,0.6435528578597727
899530,6.573868309858388
900349,0.08773364666778571
902138,0.3373000020079281
903009,1.0401013709618498
903609,3.7493632577397027
913130,0.2881354048465002
913210,0.14930672755501456
918290,0.21258009761151747
918400,0.6312094560461032
918569,0.25590656991375305
918600,0.6983477088948787
919239,0.0623287395277786
919282,0.16022117417466256
919418,0.16374266921270214
919525,0.7973337512658132
919598,0.29069964295419276
919603,2.165787117085559
919812,0.30317778165150927
919846,0.05076074694410142
919853,0.1010732190317028
919928,0.3544495648094851
920073,0.9260564414847656
920101,0.300713504933374
920117,0.20150347865480703
920939,0.2163120158757108
920994,1.1965595611756508
921002,1.3463742024117904
921289,0.048742041084840274
921306,2.6947457549597913
921359,0.3321976149914821
921384,0.2821914723250926
921542,0.654810729676269
921598,0.13728346498323973
921710,0.8625375400499774
921965,1.2485038545197447
922200,1.0424970146099897
922398,0.23441511703920292
922728,4.107851067904611
922811,0.2141148325358852
922911,0.7097956772097002
923033,2.2145921142909613
923063,0.08303571428571427
923323,0.27383370095628035
923384,0.38467459224250683
923432,1.3264855975949588
923618,0.8822856754071726
923705,0.41077928775553973
923745,0.2027817710471278
923801,0.22130860275931563
924232,2.7114894649661307
924318,0.5
924508,1.0830124365666638
924780,1.246564723861651
925066,1.150093746727313
925181,1.1488328115891773
925450,0.11543858179495504
925528,0.5597961350097554
925837,2.5931311322471253
925852,0.5237344694106698
926108,0.1430625449317038
926115,0.16709511568123395
926237,0.5376136571567431
926307,0.18973927683944125
926428,0.5088654536513725
926548,4.423806549954554
926604,2.7697933373381356
927373,0.15578387513027447
927555,9.578201809384108
927627,0.5918398720917643
927650,0.9240139275486852
927736,0.4266500113756847
927795,0.13535046413689555
928160,0.4163879598662208
928351,1.0885570349611398
928942,4.166216429329169
929776,0.6190489293489128
930204,1.176520026294562
930642,0.2387837312650326
930722,0.26981556085635144
931086,1.9083258524938025
931105,1.6261301058436235
931231,0.1919299274353148
931567,0.2117400419287212
932299,0.071020427984072
932665,2.7552036435014173
932858,0.25134143394328273
933172,1.7879858988879036
933458,0.6672231496939343
933568,0.12507977026164646
933633,0.07526704995887173
933809,1.3905871865440744
933883,0.20790172140114346
933898,0.5073068935169046
934069,1.884612026881547
934243,0.10120140133200443
934350,0.1518874404575251
934721,2.0997990383650675
935330,1.73263242693233
935739,0.3661569332363111
935990,0.07669036010103977
936095,0.41633117902286854
936190,1.983986561719583
936206,6.63315470025068
936425,1.9473010710793246
936658,0.10026078866135484
936946,2.6324221827918253
937003,6.321474392626476
937098,1.7338789300945225
937150,0.1919299274353148
937397,0.06226175349428208
938638,0.25275866355929855
938878,0.036953242835595784
939187,0.6876118364773457
939565,0.07788717160488097
939567,3.871778695274548
940583,0.4306930157207392
940831,0.5508944204532784
941579,2.7498734914606624
942252,3.7775289841060378
942335,0.6266460070268296
942529,2.455846717752162
942624,0.2506297229219144
943268,0.29773979990366833
943827,0.96397944476777
943936,0.327044757136028
944084,6.5853707099683865
944105,0.1148427929767252
944206,2.4313711509001577
944293,0.27578490728468363
944310,6.536728425606264
944349,2.7621734060169376
944700,0.1619378902935241
944933,0.08820271907727487
945196,0.2750976423917848
945269,1.9742903017667182
945951,0.7194435815645124
946137,1.2264354056698863
946560,0.5569407678759255
946563,0.20264224926075372
947563,0.23728096232524223
947576,0.031710739248700215
947752,0.06484559517763606
947816,2.2895177992546056
948061,0.4675990203852462
948171,0.7475148282757265
948333,0.08105262126028757
948557,0.248059959017654
949211,0.06693711967545639
949259,0.3162093137397522
949619,0.8294511584813276
949780,0.5621056212161073
949820,2.9428674419491787
950441,0.0705987612990938
950571,3.3258925025988093
950956,0.7545046114599756
951374,0.010804541883911636
951375,0.06785060946851154
951384,1.2405688921065416
952786,0.20658897362367248
952794,2.7874183514885473
952834,0.10745925583028716
953552,0.42609906391972296
953875,0.12450985408264703
954646,1.4343739570535865
954694,2.0885278146497934
954817,0.8873979937455092
954964,0.7257300887200047
955009,0.09917780061664952
955544,0.3683419556803432
955647,0.09413717509117783
956093,0.057274583775020274
956268,0.073629946786842
956707,0.345504155727264
956973,1.4811311318117506
957085,1.0458655673721016
957296,3.949814774904449
957340,0.8049871230588596
958076,2.1635503706529597
958533,1.7295071820930967
958768,0.1658921061828697
958839,0.20731409607280965
959770,1.9303478552243245
959775,0.375
960674,3.4876042569632486
960690,2.4069195644840287
960874,0.07166123778501629
961133,0.3156383471893405
961152,0.2117400419287212
961234,1.435111112461974
961427,1.5258584988638861
961688,0.3358376114038234
962064,0.747921853222343
962339,0.672978377751781
985076,0.12531328320802004
985124,0.6678571428571429
987481,0.19918283963227784
987491,4.136664230422019
987621,1.5913704243666003
987777,0.2004028197381672
987922,0.11582279957740199
988386,0.8950748425372297
988440,6.115780109809834
988471,0.3450408781994974
988529,0.06293485135989879
988627,0.16828474828273535
988638,2.9067127306067118
988655,0.579866867498093
990366,0.07372902121940557
990368,0.25125628140703515
990384,0.23140130551024457
994823,0.7294207531183088
996127,0.1619378902935241
1006765,0.4809760056999698
1006782,2.7238060333421235
1009342,0.20878685295097316
1013375,0.10035122930255896
1016154,0.430379746835443
1028077,0.9628963611550312
1028746,0.2598044509424401
1029659,0.6678571428571429
1032082,0.31956277405360134
1035160,0.055357142857142855
1043986,0.241988355003574
1055021,0.11660462807571215
1055285,1.6046959596634114
1072350,0.25094102885821834
1211412,0.1240506329113924
1233067,0.042303999690452634
1292549,0.28066233134344337
1312035,1.5
1340026,0.1919299274353148
1391526,0.12531328320802004
1409777,0.12571067593177512
1416172,0.09522487402317674
1422105,0.5012531328320802
1426748,0.403669969364036
1431398,0.30394140308215983
1507678,0.2503128911138924
1518379,0.08335143943508963
1528006,2.0334455612219635
1536402,0.33277310924369746
1573712,0.08303571428571427
1589051,0.2883771271515534
1599476,0.2522068095838588
1606776,0.08357832843343133
1608941,0.5790623102175105
1714462,0.22258122312470138
1717415,0.5
1777836,0.2117400419287212
1811373,0.09554673721340387
1824831,1.0
1839912,0.10116337885685382
1878899,1.4023447147665276
1908947,0.07129931234165762
1913210,0.05327303736903968
1950198,0.5485232067510548
2006721,0.10136847440446023
2031918,0.25094102885821834
2048033,0.1360387327549975
2063135,0.16607142857142854
2124046,0.6015163407744579
2165952,0.8080700725646852
2290007,0.1367189264187725
2365087,0.33214285714285713
2368302,0.47457591947573685
2385504,0.09565411472116826
2393596,0.38749999999999996
2397780,0.1625846692547565
2412330,0.055357142857142855
2435745,0.403669969364036
2450537,0.08303571428571427
2507287,0.2151898734177215
2518003,0.0705800139762404
2570457,1.8332012777420996
2592086,0.6160822663448234
2598627,0.4050426049513759
2639628,0.6686171495684818
2659130,0.333889816360601
2674162,0.5660837154224263
2717459,0.4050476554208949
2766592,0.2151898734177215
2782403,0.05563392857142856
2814183,0.11693454613787023
2825814,0.05359056806002144
2867436,0.3549295003437502
2873356,0.2503128911138924
2896351,0.0705800139762404
2960510,0.1919299274353148
2993710,1.1456921520453978
2995948,1.3357142857142859
3006966,0.5012468827930174
3099573,0.07141316759821963
3161008,0.6678571428571429
3214680,0.06462287119034169
3413511,0.25572519083969464
3495279,1.0
