id,cluster
792507,2
119107,5
816890,1
79016,2
66915,2
894465,1
41874,2
180228,2
26350,5
423829,2
184502,2
813392,2
858827,2
132940,2
803752,2
754032,1
182900,2
139026,1
69402,1
411761,2
796734,2
622805,2
316834,1
239859,5
577627,1
583959,2
988440,2
175553,2
490416,2
197424,2
489316,5
446509,4
219203,2
531986,1
200791,2
100160,1
883318,4
216348,2
927555,2
189644,5
944084,2
307461,2
346336,2
472102,2
238115,2
85915,1
187478,1
84209,1
204901,5
232480,5
1535255,5
131650,1
317093,2
350840,2
467203,1
9680,2
137390,1
199995,2
781423,5
325459,2
414251,2
530745,2
404434,2
615026,2
144847,2
256349,2
355142,2
357406,2
467749,2
814751,2
39656,2
204386,2
600069,2
94210,2
203008,2
361393,1
574772,4
1426748,1
1589051,1
490004,4
379125,2
247966,5
806336,1
742899,2
154544,4
858710,2
61912,2
74005,2
764702,2
43714,2
117844,1
291043,2
239921,1
956707,2
864209,2
163229,2
604852,2
678009,2
781399,5
75747,1
631774,2
944310,2
59156,1
486047,1
745964,2
175286,2
811622,2
240252,2
295756,1
114342,1
2674162,2
162677,2
246611,4
766893,1
899530,1
922728,1
131627,1
625739,2
237205,1
615119,2
1482685,1
239827,2
266063,1
605375,2
181694,2
110161,2
270491,2
72041,1
337119,2
617196,5
138699,1
833631,1
783909,1
757342,4
260206,1
190946,2
771438,2
120521,1
142767,2
686897,2
685647,2
38936,2
68551,1
311680,2
855531,2
569685,1
289599,4
354105,1
690254,1
740576,5
936206,2
761179,1
781837,2
38490,1
193320,4
267411,2
952794,2
11707,1
128099,1
921965,2
31685,2
205627,5
260038,2
262255,2
367188,1
674887,1
98465,2
478603,1
2784799,2
211758,2
326249,2
744796,2
46861,2
248392,2
206967,2
209142,2
824022,1
799053,2
1276114,2
170369,1
798662,5
2766592,1
120010,1
170879,4
311074,2
608701,2
1416172,1
135273,1
128440,1
33666,2
410219,2
750742,4
1006782,2
994823,1
62823,4
751019,1
327735,2
852007,2
136871,1
313284,1
424244,2
549797,2
850692,2
293896,2
37730,2
75100,2
78044,1
144458,1
961234,1
246885,5
840402,2
406294,4
479028,2
492521,2
51909,2
540883,2
891063,2
500992,4
232564,1
22124,3
33161,1
667794,2
112789,4
743929,5
38466,2
424302,2
354189,2
957296,2
6334,2
30250,5
610706,2
2165952,1
5953,2
29884,2
958533,2
629609,2
955773,2
667669,1
2264745,1
36521,2
227527,2
299471,2
480086,1
923033,2
590479,1
607448,2
775877,2
159699,2
266160,2
378624,2
522768,1
560208,2
1176481,2
2639628,1
5501,4
673486,1
815039,2
127369,5
279337,2
640208,4
863790,4
472925,4
274321,2
894335,2
640675,2
140499,2
318085,1
855423,2
869487,2
44764,1
988471,5
71209,2
175579,4
192382,2
405522,2
825251,4
840102,2
7920,2
184043,2
559405,1
422405,2
102985,2
130689,2
186312,1
290812,2
542549,2
607028,5
790797,1
272567,1
285232,1
661524,1
136640,2
409954,2
548338,2
592954,1
36106,2
328288,2
332141,1
351733,2
925450,2
987621,2
69534,2
319347,1
59293,2
334193,4
695189,2
842802,2
1168958,4
170770,1
46699,2
61938,2
102050,2
208076,2
303506,1
673621,1
177060,1
817754,1
505047,2
753507,1
820434,2
14651,2
70715,2
98081,2
233066,1
376204,1
789775,2
804476,2
931086,2
249973,1
265456,2
520545,2
69986,2
501407,2
822874,2
4852,1
61172,1
149946,2
167517,2
318882,1
643549,2
780451,2
895136,4
1098,4
83013,1
96613,2
198783,1
315339,2
477875,1
691371,4
813946,4
259529,2
632233,1
303626,2
390532,1
413524,1
485135,4
934367,4
2592086,1
208774,1
344275,5
933458,1
105354,2
224186,4
322027,2
325357,4
565634,1
755918,1
777210,1
2487188,1
671953,2
936425,2
149515,2
510805,1
758601,2
495784,1
2040645,2
19892,2
28002,2
69153,2
117064,2
665860,4
790820,2
1340026,2
243008,2
312890,1
131581,2
172167,2
277351,2
490860,4
502198,1
538677,1
664378,2
772745,2
852855,1
2398414,1
258000,4
2942900,1
81619,1
166785,2
376422,1
806542,2
888730,2
2130,5
568137,1
664770,1
859589,4
936190,2
2986022,2
119651,2
328014,1
359326,1
567325,2
798113,1
868616,4
165011,2
174822,2
540139,2
628467,1
760240,5
130036,2
749970,2
892771,1
938798,4
943827,1
2014409,1
763551,5
791483,1
831708,2
5441,4
185948,2
802302,1
848034,1
3595,2
19297,2
187581,1
201760,2
207644,1
2385504,1
52382,1
97384,2
130932,2
137580,1
276085,2
314113,2
766066,2
939567,2
161808,1
366681,4
368367,2
394806,2
594665,1
686577,1
774588,2
996127,1
162487,2
314600,2
333648,4
607283,1
18977,2
55128,1
141838,1
153519,2
514563,2
626463,2
936946,2
20278,1
81832,2
182360,2
5056,2
20403,2
75264,2
87113,2
129775,1
611877,1
678339,1
748222,2
786613,1
921710,1
945269,5
186185,2
409968,2
868174,1
1032082,1
61480,2
82013,2
91650,2
108826,1
158309,2
333464,2
848784,2
946137,1
149044,2
169578,1
366164,1
610880,1
838300,2
175992,4
396676,2
522377,2
816387,2
3185359,4
3462371,1
54982,1
68934,2
228714,5
327765,5
345734,2
768321,2
21744,2
107090,2
174557,2
402872,1
493327,1
812711,2
822913,1
934069,2
5882,1
6320,2
12472,2
35021,2
46814,1
52900,2
88180,4
317545,4
765595,1
766094,2
780258,1
789514,1
816900,2
829122,1
3226468,1
181376,1
187907,1
670226,2
38302,4
104714,2
159214,2
278644,5
340152,4
384675,2
617568,1
808214,2
961427,5
15318,2
243474,2
490952,4
577531,2
2739175,1
3085111,2
70534,1
103484,2
128143,1
208582,2
230478,2
334644,1
393345,2
639621,1
667169,2
748088,2
755156,2
1426593,2
1878899,1
44290,2
205180,1
548397,4
578141,1
793227,2
950571,2
66429,2
87985,1
96964,2
474482,1
489303,1
503460,2
567624,2
656541,2
664817,1
861252,1
868306,2
128495,2
142178,2
147635,2
191947,1
196248,2
545074,2
767016,2
20729,1
107466,2
198162,2
206407,2
253457,5
355616,4
373592,1
391933,2
536275,2
924232,2
932665,2
3144637,2
366407,2
762885,4
1072350,2
2659130,1
22928,2
81561,2
141681,4
164594,2
220403,1
226380,2
790988,1
809999,2
290072,2
290502,4
669511,2
884686,2
2124046,2
64509,1
73383,1
178654,2
186594,2
338887,5
341422,1
341672,1
516929,1
562304,4
577235,2
579839,4
745915,2
749571,4
784814,2
814387,1
86927,2
334740,2
492331,1
571845,5
583723,5
749671,2
1824831,1
3006966,1
18258,1
112462,2
145128,1
208404,2
240865,2
287860,1
320845,2
354733,1
489876,1
502371,1
597309,1
617844,2
672910,1
745584,4
846634,1
5307,1
134729,4
258947,2
279141,1
597266,2
627026,1
737886,1
68780,2
79960,2
112540,5
178799,2
383889,2
418981,2
578031,1
755152,2
806829,2
1545319,1
234325,2
295276,1
551762,2
656420,2
731975,5
792370,2
2570457,1
29808,2
69348,2
70800,4
82955,2
85776,2
138520,2
333634,2
335747,4
484396,2
487012,1
782768,4
787960,1
873085,1
894847,1
894956,2
923432,1
1059293,4
2873356,2
134600,1
260212,4
503242,2
537414,4
617613,2
662416,1
738855,2
769444,2
996096,1
2509942,2
3475903,2
52062,1
76057,5
122754,1
297702,2
330575,1
334216,4
418662,2
481057,1
500889,2
517607,2
555695,1
596451,1
793988,1
815090,4
865016,1
922200,1
251375,2
612716,2
642664,5
663645,2
790604,1
39637,1
91549,4
96379,2
102781,1
207127,2
246960,1
275757,1
282709,2
482334,4
493848,2
677781,1
747445,1
753742,1
792953,1
825883,1
885569,2
13384,2
254215,2
502199,2
845468,2
48566,4
118544,2
138833,1
139908,4
150530,5
169795,2
179205,2
237517,2
262794,2
263937,4
269172,2
315336,2
396372,2
420133,2
483334,2
597094,2
645612,2
684253,2
753963,2
798606,2
837592,5
838195,2
840000,5
944349,1
960690,2
1908947,2
2367865,1
13511,2
58549,1
80780,1
83095,1
317865,1
387720,2
503668,2
639397,2
1061166,4
3314964,1
116984,1
124492,1
135054,1
137494,1
213561,4
251595,2
336783,2
431669,2
508443,2
554963,2
625731,4
658346,1
172612,1
784732,1
836103,2
903609,2
944206,2
45057,2
50251,2
184091,2
186927,5
219655,2
286483,5
585574,4
606283,1
665957,1
927627,2
3426731,1
37794,2
61226,2
79959,4
210991,1
264350,1
359026,1
609396,2
789721,2
800100,2
867980,1
932299,2
1379627,1
16281,2
32401,2
45313,1
58372,1
81194,2
93632,1
108446,1
164093,1
175708,2
184811,2
191699,2
223054,2
246022,2
403454,1
424296,2
520975,1
528221,5
568368,5
575051,1
582313,1
589630,4
642542,2
765900,2
781350,4
859868,2
926237,4
935330,1
1596642,1
3276902,1
77732,2
339624,1
479149,2
821571,2
831381,2
845662,1
2775792,4
7731,4
31067,2
55304,2
162269,2
194018,2
194703,2
212612,5
221603,2
235169,2
257141,2
296024,1
401287,2
482787,1
515628,2
564239,2
591857,5
630882,2
674263,2
785283,2
809058,2
866491,2
923384,1
2596970,5
34249,1
218994,2
231013,2
352992,2
551815,5
575695,1
585249,2
608945,1
820115,3
2393596,2
36934,2
46925,2
74195,2
84814,1
105030,4
154998,2
194380,2
216294,2
263852,2
337404,1
347148,2
376608,1
475650,2
489676,2
577358,4
639053,2
752314,2
775323,2
865403,4
895443,1
937003,2
957085,4
1784311,2
2872922,1
143494,1
390477,1
548020,1
567153,4
790814,2
834108,2
923323,2
1055285,1
40743,2
43499,1
53739,2
62002,2
81739,1
131681,2
139089,1
158656,4
200074,1
203639,2
254827,2
471355,1
536754,2
577261,5
619388,2
659517,1
687933,5
741746,4
790732,1
798326,2
2365087,4
2984484,2
12180,1
120067,1
160848,1
201678,2
294923,5
378288,2
473554,2
691807,2
802791,5
3392996,1
13393,1
17748,2
24944,2
42993,2
64303,2
71336,5
80358,4
82831,2
84053,4
162930,2
221059,1
228323,3
392299,2
419102,2
477116,2
490549,2
495547,4
570825,1
608166,5
667622,2
766385,1
804431,4
926108,2
926548,2
987481,2
1043986,3
1590871,4
1950198,5
2854537,2
85038,2
101895,1
125506,1
186734,1
205254,2
320761,1
394449,2
489845,2
744969,1
781094,1
814606,1
887348,2
26367,4
94224,1
123754,2
138407,1
169202,2
174122,2
193216,1
197040,2
224638,2
243527,2
328352,2
359613,1
390390,1
422947,4
496405,2
505154,2
511029,2
527267,2
580300,2
593772,2
596922,2
603226,1
659299,2
758444,1
758999,2
771792,3
772526,2
785611,1
790227,2
796741,2
863102,2
933898,1
937703,2
1009342,1
40695,5
245250,1
283405,1
310383,1
756180,2
817369,1
945951,4
7448,2
7689,4
17021,1
105129,1
125561,2
150048,2
151431,1
164053,1
165663,4
179730,2
185591,2
204968,2
206465,2
253142,2
267354,2
343930,4
517074,2
725175,4
747506,2
781172,2
788568,1
825032,2
825208,2
835585,1
858375,1
870809,2
873886,2
962339,2
2674420,1
3415304,1
16835,1
51233,2
61044,4
133832,2
176358,1
498987,1
569119,2
736318,4
802382,2
828740,1
916783,2
1777836,4
20050,2
49374,4
96576,4
165818,1
167361,2
339577,1
377891,2
466759,2
628571,1
665908,4
787428,2
842351,2
891032,4
923497,5
951384,2
65590,2
100575,2
140176,5
153526,2
250435,2
480108,2
510885,4
643543,4
815575,2
30431,5
86312,2
214162,2
270667,2
299668,1
329232,4
382734,2
398259,2
501081,2
509524,2
536321,1
576718,2
588679,2
592161,2
605965,2
649950,2
769388,2
794846,2
801762,2
830538,2
1006765,1
2534053,4
6143,2
35338,2
80428,2
227776,2
459616,2
496097,2
662797,1
746302,1
746387,2
796872,5
866271,2
51736,2
65397,2
75171,2
117990,2
120370,1
184187,2
193963,2
215513,4
284939,2
297894,2
359966,2
468632,2
484145,2
485791,4
496525,1
502163,2
509156,4
523661,2
579458,5
627787,2
641994,1
745071,2
752773,2
769638,2
792530,2
794449,1
805785,2
886961,2
990366,2
2867436,2
3391937,2
81683,1
153590,2
201297,2
271113,2
334829,2
345168,1
670641,2
720741,4
819983,1
939187,1
8828,1
9441,4
37026,2
48811,4
66570,5
71508,2
71970,1
96679,1
109735,4
116178,1
120487,2
135152,1
165117,2
170381,2
176936,1
219483,4
222436,1
231645,5
258430,4
281254,2
397042,2
401114,1
471156,2
474150,2
475431,1
482572,2
543867,2
567862,4
568071,2
595101,2
617536,1
634674,2
651156,2
680476,2
681340,1
687487,2
695943,1
757157,1
796439,1
898336,2
933172,1
949259,2
958076,2
959770,2
962064,1
987491,2
2495841,2
59819,1
151240,2
179698,5
248452,1
253734,1
424292,5
491786,2
581713,1
687561,2
790667,1
852688,4
2527840,4
3271457,1
39013,4
65882,2
81403,1
81841,2
89058,1
99104,2
119111,2
128249,2
182598,1
196969,2
228087,2
240665,2
298764,1
299277,2
299882,2
301619,2
345355,2
370326,2
412715,2
418740,4
480549,4
516202,2
536122,1
570061,2
620495,2
624215,1
652255,1
749476,2
751910,4
758402,4
758453,4
788937,4
792733,2
803544,2
821590,1
891264,2
891911,4
923801,2
987777,1
998969,2
49062,4
334770,2
551465,2
591104,1
793225,1
868092,2
935739,1
951374,1
2825814,1
3180014,2
4451,2
29084,4
76881,2
101946,2
118189,2
148477,1
162233,2
182302,2
213921,4
277572,1
278559,2
314346,2
315403,4
337631,1
421122,2
490738,1
578999,1
582930,2
620056,2
638918,2
674662,1
681956,2
686359,4
753706,4
778344,2
797056,2
798992,2
805661,2
806507,2
807428,1
819344,1
842269,2
849672,5
860561,2
894962,2
922704,4
925837,4
1795396,2
2285572,1
2992951,1
9084,1
49026,2
194246,4
352164,2
359199,5
773615,5
808198,2
861687,1
2397840,4
2841398,1
3446629,1
19701,2
52093,1
74970,2
107249,1
128266,2
162820,2
179714,5
193231,4
230963,1
233228,2
254556,5
301955,2
337271,2
414889,4
449578,1
509356,2
517264,2
546214,1
567570,1
582419,4
626939,2
673933,2
674749,1
742166,2
746010,2
751613,2
765997,1
816517,1
829267,5
831236,2
879144,2
892775,1
928942,2
933883,2
943268,2
2577980,2
335,2
24309,1
81849,2
108554,1
233035,2
371879,2
601079,2
781932,2
811897,1
812046,1
893111,2
1028746,1
3380137,2
11754,2
16132,4
21292,2
21747,2
27221,2
28772,2
29867,2
38579,1
46184,2
52151,2
74952,5
118791,2
125822,4
127360,2
130173,2
133969,2
150629,2
152023,4
154417,1
160690,1
161920,4
170454,2
170815,2
175049,4
175459,1
183858,2
194036,2
213510,2
217344,2
230297,4
286561,2
293490,5
295545,2
296903,4
305541,5
343954,4
372322,2
386560,2
397412,5
404463,2
484880,1
485365,4
564333,2
610339,2
623254,2
636044,2
639789,2
673208,4
674161,1
680522,1
721409,4
799100,2
810912,2
814871,2
835648,4
866786,4
919812,2
924306,4
927373,4
927736,2
947752,1
2061191,1
2811293,1
2854547,1
3632715,1
29609,5
44751,2
75801,2
92107,1
110541,2
210830,1
238506,1
295415,1
312004,1
317108,1
360956,5
368112,2
401066,2
607202,2
644880,2
673360,5
747028,5
747984,2
762097,2
790509,2
942529,2
947816,2
949820,1
1459978,2
3067310,1
3158075,2
3606027,2
12644,2
45077,2
47421,1
48265,4
56913,2
57124,2
93565,2
96977,4
98944,4
105685,4
120953,2
130115,2
147082,2
151787,4
158540,2
171728,2
195874,1
201983,2
213165,1
222927,2
300749,1
308871,2
309458,2
347151,2
349157,2
405113,5
488378,1
492162,4
524239,2
574119,4
590483,2
604075,1
633079,2
662800,2
683750,1
746666,1
758943,1
762990,2
770007,4
776011,2
776093,1
781766,3
782163,1
817911,2
837150,5
837985,1
868063,1
1028077,1
2139934,4
3345212,1
49774,1
92942,1
94205,2
130855,2
156938,1
206241,1
257787,1
263271,2
325727,1
343215,1
376793,2
403784,1
674150,2
894831,1
1013375,2
1814388,1
2571333,2
10538,1
29600,1
31697,1
51992,2
97173,2
97509,1
106916,1
126048,1
129637,4
129778,5
131038,1
160198,5
170211,1
171726,1
187172,4
209773,2
217792,1
241813,1
253408,2
288111,1
307102,4
317417,2
325443,2
333447,2
495338,4
497132,2
503913,2
511773,2
563390,2
566918,1
592401,1
601430,2
625201,1
627250,2
633181,2
657041,1
664849,4
684920,2
743968,1
744265,1
756656,2
762177,2
787579,2
806877,2
809396,2
816701,2
827760,1
921002,1
945245,2
948061,2
988627,2
3361526,1
30928,1
53428,2
83554,2
98819,2
127063,4
137474,2
162265,2
175196,1
188432,2
304458,2
716469,1
751201,1
765435,2
805930,2
837215,2
956675,1
2717459,1
12491,1
18137,5
20812,2
62270,2
82639,2
96744,1
107139,1
122381,1
130037,1
136075,2
156043,3
171637,2
173647,2
185615,2
188342,2
189678,2
197364,1
211095,4
228099,1
240267,2
240311,2
242861,1
351227,2
387095,1
428717,1
485204,2
494474,4
504815,2
520583,2
564726,2
569600,4
582253,2
586798,2
588508,1
636474,1
661974,2
670734,4
754767,5
762731,2
770628,2
771905,4
772567,2
775406,2
780005,1
784527,5
784597,1
789055,5
790833,1
795341,2
820596,2
824866,5
847374,1
856451,1
898828,1
924508,2
925181,1
937098,4
1011101,4
1016154,1
1957634,4
2089077,4
2129441,1
2802154,2
3477547,2
3506278,1
109637,1
143559,1
147200,2
162197,2
163420,1
166505,2
175525,4
277764,1
300024,1
330601,2
330634,5
346637,2
404136,1
507558,1
507975,2
509367,2
522430,2
590285,1
674310,2
689367,2
746409,1
795288,5
801101,2
1177242,5
1498,4
2330,2
23982,2
26520,1
31380,1
36975,1
53441,2
61690,2
73682,1
74452,2
91438,2
97529,2
106987,2
109274,1
124881,2
129308,2
133883,2
142208,1
147294,1
172642,5
180449,1
184814,2
219021,2
225930,1
225948,5
228299,2
233862,2
244406,2
248798,2
252495,2
259800,4
273531,1
275335,5
282766,2
377060,2
404734,4
487534,1
492275,4
532957,1
543169,2
543595,4
607804,2
678650,4
681154,4
690718,2
692251,2
750456,1
750895,4
753004,1
753254,2
753868,5
762821,1
763237,1
778363,2
803009,2
806247,1
807869,1
808336,2
837946,2
838327,1
868628,4
895074,4
920994,4
945196,2
947563,4
954817,1
1352264,5
1944458,4
2290007,2
2895189,2
3420473,1
31022,2
48061,2
50034,2
61045,2
62412,1
101072,1
138063,1
148305,1
167399,2
175025,2
249175,2
260007,2
274637,1
285272,1
286115,2
329468,2
354722,1
468938,1
524050,1
533117,1
672269,2
674332,1
749504,2
768027,2
830425,1
869417,2
882950,2
1580437,2
2515882,1
2795282,2
2995948,1
441,4
1433,1
8570,4
13377,1
17929,2
19133,1
22875,2
32071,2
38100,2
39828,2
50581,2
58616,2
67631,4
82742,2
87179,4
90389,1
95613,1
110791,1
119058,1
134761,1
135391,2
135543,2
151988,1
156886,1
166033,1
193594,2
201668,2
212614,1
221445,4
223701,2
249444,1
251491,1
254972,5
258741,1
264499,2
266255,2
290969,4
312126,1
312140,2
362922,1
364861,1
462110,2
480830,1
493122,2
502269,2
510953,3
533503,4
567190,1
574102,2
580058,1
596126,2
615937,1
619536,2
626268,2
631579,2
646260,1
674600,2
674873,2
676313,1
685751,2
689965,2
756754,2
764636,1
768585,4
778906,4
792925,4
796281,2
799644,2
807028,2
828756,2
838524,2
851639,5
882431,4
887990,2
940246,4
950956,3
958087,4
2999777,1
21334,2
38321,2
39661,2
48816,5
85397,1
90011,4
91879,1
96142,1
99753,2
107753,1
118493,2
122795,1
133057,1
133719,4
139566,2
186390,2
196370,2
219428,1
275386,2
364399,2
398615,2
562615,2
607967,5
722133,4
754251,1
786126,5
788283,2
796045,4
799081,2
807361,1
842624,1
854866,2
860985,4
918290,1
924318,1
3105903,1
2750,1
16448,5
19241,2
19435,5
20984,2
23925,2
34094,1
36327,2
41431,5
46460,1
55010,3
66395,1
67561,1
67900,1
89710,1
95176,2
99730,1
105638,2
121590,2
129551,4
138235,2
139655,2
140689,2
149973,2
151549,1
152384,1
153103,1
165162,2
167762,4
180263,2
183311,1
196690,2
200882,2
217622,2
221844,1
235881,2
255210,2
255887,1
300659,2
302685,1
308645,2
341652,2
348884,1
353145,2
388167,2
391586,2
399659,1
399733,2
423267,1
423305,4
451398,1
456896,5
482677,1
487186,2
492466,2
494038,4
500664,2
506513,2
545726,2
562850,1
567822,1
574597,1
599777,1
610730,2
611929,2
624504,1
634377,2
636841,2
660507,2
664272,4
668448,2
669303,2
673752,1
678408,2
686560,1
749734,1
755494,2
757070,1
758520,3
758630,4
774909,2
779209,2
781680,2
788508,1
789064,2
791480,1
793022,4
797147,2
804559,2
809266,1
811598,1
812388,4
824599,1
825087,4
825924,2
834292,3
839369,2
847703,2
855780,2
864257,2
884449,1
898275,2
919525,2
946563,2
957340,4
1000302,4
1476233,4
2372262,1
2508103,2
2517403,1
3323342,4
21670,1
33560,1
46381,2
76561,1
81796,2
84446,2
88035,1
139804,2
175087,2
228444,1
258090,5
333539,2
355451,2
376150,5
408500,2
463527,2
479548,1
572737,3
696015,2
745316,1
788569,1
803720,1
859026,1
885875,2
1029659,1
1036613,1
1740826,1
2113374,2
2782403,1
2411,5
10412,4
11052,1
11156,2
12972,2
20319,2
22348,2
25778,1
27136,1
29334,2
29604,1
30925,2
34382,1
43572,1
45560,2
51376,1
58438,1
59655,1
66800,2
67406,2
67528,2
75308,2
75825,1
81493,4
97065,2
99198,5
99561,2
104147,1
108249,2
120060,4
130425,2
147785,4
151979,1
161351,2
164686,2
165855,2
169189,2
170330,5
177117,2
185669,2
186805,2
202545,4
205959,2
210512,2
214593,2
238495,1
242211,4
242966,5
251361,1
255268,1
255733,1
256951,4
267814,1
268871,2
286439,1
295933,5
304401,2
305501,1
308762,2
311674,2
312062,1
334041,2
339490,1
343940,5
344729,2
352999,2
355412,4
359062,3
369389,2
382565,3
393257,2
399437,1
400717,2
403120,2
404345,1
405903,4
453908,1
475334,4
475362,2
478426,4
481461,2
490763,5
490852,4
503279,2
515600,1
531653,2
575522,2
591459,4
600435,4
607094,4
618589,4
619460,2
621101,4
622604,4
633078,2
639056,2
648407,3
651187,4
655547,4
685031,1
733717,2
739041,1
741380,2
750970,4
751623,1
755570,2
758661,2
769109,1
773392,1
775904,2
784766,2
785357,1
803757,2
813731,1
814312,2
814898,1
815236,1
816844,4
823012,2
825168,1
827250,1
862343,2
866841,1
867978,2
887638,5
889449,2
896216,2
898479,1
918600,1
919603,1
920073,4
926428,1
940831,2
943936,2
944700,2
947322,2
977198,1
1011504,2
1232396,1
1583976,4
2031918,2
2135629,2
2138857,1
2435745,2
2528416,4
2702854,1
3145706,4
3523590,2
46794,2
91312,5
108679,2
170214,5
188697,1
190021,1
195634,1
221894,1
227697,1
297849,2
354158,2
368451,2
370703,1
416785,5
546738,1
558954,1
577720,2
580485,1
600228,2
607773,2
648106,4
649435,1
781732,5
785101,1
816896,2
836376,1
961688,5
996075,1
1502854,4
1528100,1
2036252,4
2061247,4
3393991,1
3170,2
7031,2
12128,2
15158,1
15856,1
19740,1
35697,2
40922,4
41420,1
41462,1
44068,2
47789,2
49367,2
53606,2
59537,2
60012,4
64149,1
66228,2
72205,1
72716,1
73644,1
77175,2
77662,2
81083,2
81919,2
89873,2
93322,2
93533,2
98467,2
99246,2
101575,1
105422,4
105618,2
106298,1
118664,1
129817,1
132449,2
136124,4
139741,2
149102,4
156484,2
160638,2
167320,4
169818,1
171015,5
174752,2
188981,2
191070,1
198901,2
215296,2
216586,2
231342,1
232598,2
238686,1
240503,2
269972,2
286866,1
287917,1
294085,2
303050,1
307875,2
312354,4
314505,2
315104,1
331323,2
337856,2
342004,1
355208,2
359559,1
378041,1
391177,1
420504,4
468911,1
476425,1
476599,1
476645,1
489999,1
491565,4
492037,1
496487,4
498961,2
501860,1
508391,1
521704,1
559785,2
561105,4
572327,2
573870,1
574143,1
583618,4
585896,4
586319,1
611102,1
618713,2
627337,1
636433,4
660155,4
666073,1
677241,1
679889,1
688400,2
688804,1
697391,1
743709,4
749335,2
750131,1
751604,5
767370,2
777366,4
786360,4
787940,1
790224,1
794401,5
795053,1
795054,1
798587,4
804706,2
821675,2
832341,2
835894,2
842611,2
844255,2
847756,1
857621,2
868086,2
884962,2
888484,2
890683,2
898188,2
918682,1
924780,4
926307,2
931869,5
956973,1
992751,1
1019495,1
1393036,3
1599476,2
2035658,2
2128228,2
2397826,4
2507287,1
2598627,1
2732005,2
3178979,1
3451786,2
3462822,2
3661296,1
90803,2
102399,2
122219,1
128873,1
139933,1
151290,2
151666,5
167220,1
190632,2
287407,1
295285,5
299840,1
326096,2
359179,2
365821,1
385797,2
464348,1
573410,2
589209,5
724598,2
726201,4
729857,2
741525,2
776371,1
796166,2
866417,1
870589,5
891907,2
933781,2
2118074,1
3065088,2
14822,1
21578,2
31556,4
32193,1
34899,1
47246,2
59949,1
62860,2
65620,1
72941,3
74134,2
79392,2
80118,2
97203,1
97654,2
98361,4
102964,1
104314,1
109542,4
115140,1
118289,2
118979,4
121236,4
125940,1
126144,2
127451,2
129430,2
130764,4
138332,1
144767,4
146796,2
152228,1
154765,1
159791,2
168256,5
175775,1
176360,2
177957,1
178122,3
178889,1
183867,5
188261,2
196544,2
196976,1
205838,4
208997,2
212131,3
213212,2
213590,2
219243,2
222387,4
222974,4
223861,4
230244,4
230845,4
238440,5
240999,1
241650,2
246628,1
255576,2
256974,4
261866,2
266151,1
270770,2
275832,2
289629,4
302823,5
305468,2
309068,2
312353,3
324854,1
341137,2
350139,1
358820,2
367272,1
371530,2
387352,2
387815,2
388773,4
390185,4
390743,4
392553,4
395187,2
403184,1
412710,4
419197,5
469519,4
477001,1
478246,2
479772,2
482600,1
492663,1
498691,4
500612,1
502398,1
505532,2
532487,2
532610,1
533551,4
540742,4
542976,1
546735,1
548180,1
558339,5
566113,1
581859,2
582024,2
592595,4
595768,4
597736,2
600264,1
628981,2
633080,2
634463,4
667584,2
669194,4
672011,2
727318,4
745617,2
751592,1
753685,2
753985,2
755496,2
756291,1
759491,4
760417,2
763341,2
764181,4
767741,2
769876,5
778959,2
788582,1
792852,4
793664,1
796736,4
800475,2
803162,2
808626,1
822910,2
824895,2
836394,1
839432,1
852997,2
899198,2
925066,1
928351,4
930722,2
941579,1
954189,2
956268,2
958117,2
986573,4
993302,4
1630569,4
2580989,2
2595668,1
2877943,1
3172484,1
3236942,2
3567510,1
35076,4
75591,2
87697,2
89306,2
90124,4
100116,1
168246,5
191429,1
194063,2
195237,1
200775,1
212129,1
234647,2
258882,2
268161,1
289685,4
302106,1
324819,5
333643,5
362437,2
380259,2
538840,1
651972,2
655346,4
668922,4
747200,2
759668,4
762663,1
762724,2
768367,2
785500,2
791308,2
828507,2
915816,2
927650,2
934305,5
955009,2
2133637,4
2373828,1
2424073,1
1113,2
6563,5
8125,1
12654,1
13508,2
16227,1
16925,2
18896,1
22369,3
25462,1
26825,1
27916,2
29067,2
33995,1
36849,2
37787,2
37865,1
41283,4
41702,2
45475,2
45972,1
46727,1
46784,1
47033,2
48622,1
48757,1
48908,2
53204,1
53221,1
74520,4
77578,4
78802,1
81231,2
82149,1
85410,1
85448,1
94658,2
94792,2
100496,4
104388,2
104548,1
106514,2
108124,1
110341,2
112185,4
123904,1
124825,1
127696,2
140816,1
141893,4
143951,2
147245,5
150062,1
151504,1
152973,1
160428,2
160742,2
161436,1
165652,1
166658,4
169099,2
169124,2
172582,4
179126,2
185440,5
189848,2
191063,3
197532,2
203592,5
215058,2
227088,2
228058,2
239655,2
242511,1
244608,2
245489,5
246032,2
248920,2
254083,4
255347,2
266916,2
268700,1
272563,1
288904,2
290040,2
293969,2
296815,5
305363,4
321944,2
325401,2
330453,1
333573,2
337015,2
343455,1
364537,1
369270,1
380651,4
387530,4
393789,2
405142,1
405732,2
407986,2
409670,2
413853,2
453041,3
459027,2
460553,4
466442,1
467444,1
477523,1
477954,1
485991,1
486775,2
491220,1
501537,2
513813,1
521851,4
540867,4
541125,2
545534,3
546976,4
557191,4
567769,4
572106,1
573391,1
574033,4
575012,1
576839,2
600720,1
603980,2
610346,2
623985,4
624190,4
625203,4
625278,2
635760,2
638603,2
641450,5
645956,4
651107,2
659277,1
665944,2
667657,4
675710,2
675976,2
676818,2
697350,1
701790,1
732652,2
745568,2
746068,2
747757,2
753056,4
753422,5
755519,4
757177,4
759031,1
760154,2
760214,1
768149,5
770629,2
771010,2
771388,2
771419,4
774227,1
774791,2
780581,4
780625,4
782297,2
791120,5
791734,4
792839,1
799466,1
829125,4
840215,2
840708,4
849246,1
855952,4
861757,2
862761,1
887619,2
892823,1
913130,4
919239,2
920101,2
934721,2
936095,4
939565,2
944643,5
944933,2
946560,2
950441,1
1213943,4
2043528,4
2397780,4
2478029,3
2641312,1
3007613,2
3210853,4
3391646,1
3539434,2
11028,2
19953,4
34617,2
77963,2
82584,5
86826,1
101795,2
102176,2
105329,2
112017,5
133119,2
159433,1
165345,2
185617,1
189641,1
193305,1
221684,5
226556,4
253914,2
256575,2
276381,2
402249,1
424117,2
553483,4
749175,2
750146,2
758194,1
762288,2
773407,1
784010,1
785380,1
812101,4
822777,5
888942,2
942335,2
1449541,1
2786685,4
2831504,1
3455720,1
1097,1
1306,1
3426,2
8245,2
9437,2
12877,1
13387,2
14959,2
17387,2
18513,4
25475,2
26164,1
26193,1
31158,5
31606,2
33580,1
37197,2
37931,4
40225,2
40230,2
48507,4
55939,1
57209,2
57840,2
59699,1
61479,2
65094,5
68896,4
72999,2
75394,4
78191,1
78886,1
80649,1
83194,1
86250,2
87597,2
89713,1
91852,2
93849,1
97395,2
100473,4
101701,2
103447,1
104741,2
106145,4
111969,4
116425,4
123007,4
127766,5
128290,1
135059,2
135494,1
137084,1
137401,2
143367,2
145086,1
146755,4
158018,4
159340,1
167296,2
172350,2
177336,3
178536,2
181719,4
184208,1
191175,2
191680,2
199090,1
199369,2
200777,2
201716,2
203804,5
209517,1
211197,1
216846,2
222351,4
225754,1
231397,1
237773,4
238968,1
240081,1
243012,1
245760,2
246169,2
249303,1
252184,2
261106,4
266129,1
271029,2
279097,2
280897,2
282800,4
286662,2
287249,2
292915,2
295274,1
299429,3
300534,2
310905,2
330967,2
331473,2
335302,3
339905,2
345426,5
345708,2
347886,5
352294,2
359494,1
361541,4
375945,2
381371,2
383853,1
391151,1
391398,2
407101,2
408531,2
414291,1
414745,1
418955,2
448144,1
451296,2
465562,3
481354,2
485525,4
489209,4
489520,2
490805,1
494016,2
495455,3
498484,1
502351,1
504276,4
511041,4
515790,2
519715,2
520215,2
540010,1
551115,1
563834,4
565521,1
573100,2
588887,2
588918,1
589767,2
589802,1
594765,2
603590,1
614823,2
614933,4
615247,4
616296,4
616664,1
620578,2
622379,1
623518,2
624107,1
631078,1
636106,1
638960,2
639005,1
647670,1
647796,1
660246,1
667020,1
670088,2
674262,1
680374,1
681171,2
683795,4
687081,2
743966,2
746731,5
749273,2
754219,2
761706,5
768737,1
773383,1
778568,2
784760,1
785773,2
785817,1
789340,4
791318,2
793845,1
796950,2
798248,1
798477,4
800426,2
803115,1
803533,2
807949,2
814852,2
815537,2
821544,4
823165,1
824879,2
829643,1
837886,4
838559,2
840348,3
843995,4
847735,5
849405,1
852656,4
854203,2
855232,4
855655,1
860996,1
887513,5
887718,2
890724,2
894664,1
897382,4
898946,1
920165,2
926604,2
930204,2
930642,1
932858,1
933568,1
937150,2
940583,1
944105,1
958768,1
960874,2
987922,2
1471849,1
1714462,4
2105633,2
2136598,4
2365018,2
2376287,2
2744416,1
2825107,1
2855520,4
3211361,1
3214680,1
3268224,5
3366296,2
3413218,2
14658,1
15694,4
17877,1
17937,2
25899,4
31263,2
38805,1
43520,2
57280,1
78242,2
78758,1
90188,1
94861,1
104217,2
115544,1
115554,2
154533,5
154548,1
178750,2
192840,1
232869,2
255770,2
290464,2
327130,2
423095,2
501436,5
570155,4
664883,2
671204,2
696668,2
775212,5
809357,1
818702,2
827224,1
857203,1
937628,2
953102,1
1035160,1
1055021,1
1902858,4
1984584,1
2003453,2
2690165,1
3228134,1
3829,2
6310,2
7974,2
9787,4
14757,2
16235,1
18862,5
20740,1
28015,2
28432,2
32433,1
33481,2
34402,5
34988,4
37288,2
40124,4
42589,2
58361,1
58386,2
69520,1
69761,1
76658,1
77264,2
81017,5
89305,3
94126,4
96804,2
97491,4
101164,4
103162,2
103324,4
104455,4
107227,2
107556,1
109367,1
113480,2
119469,1
126862,2
130028,2
130402,2
132579,2
132856,4
135024,1
137430,4
138335,1
140553,5
140963,1
141256,2
146490,1
147316,4
154530,1
155091,4
162943,2
169088,2
171889,1
174007,4
174198,2
175538,4
176859,5
178014,1
178645,1
185018,3
185999,4
187162,2
188206,1
188467,2
189229,1
190843,4
192925,2
194008,3
195305,2
195373,2
197582,2
199917,2
203765,2
206668,2
211146,1
222748,2
223627,2
224294,1
227708,2
233136,2
240403,5
241004,1
245534,2
245992,5
247065,2
249528,4
253657,4
267435,1
273628,2
275130,2
283335,2
284207,2
286572,1
288154,2
288830,1
290590,4
296802,1
300583,1
306446,2
308742,2
316340,1
319021,2
328201,2
329542,1
332257,1
332852,1
333181,1
344037,4
345427,2
346806,1
355555,4
358528,2
380235,1
382630,4
386253,2
387219,2
391003,2
402351,2
406583,1
407331,1
411830,4
422891,1
454240,1
461391,4
461698,1
476282,4
476414,1
477793,1
483848,4
484607,4
487038,4
488859,2
489435,1
495702,4
501692,1
502774,1
527379,2
528895,2
541760,1
543055,1
546205,2
546926,1
553810,4
562105,2
568861,2
571258,2
576072,1
590441,1
597875,2
597965,4
607105,2
611104,2
614830,4
619423,1
624282,2
626774,2
650362,1
652178,4
652192,1
660053,2
662642,1
665945,5
667556,2
671244,2
677991,2
679749,2
684612,2
688515,2
690456,4
694325,5
724720,1
741177,3
745241,1
746128,4
748904,2
749222,4
753237,2
753833,2
753852,2
756959,2
757251,1
757665,2
759224,2
761478,2
762500,4
764890,2
765302,2
766078,4
766361,1
769523,2
771838,2
772191,1
773063,1
773666,5
776659,4
778655,4
779599,2
779670,4
789065,1
792175,2
797670,4
798792,1
804289,1
805225,4
807068,2
807121,1
808304,1
808944,4
812239,2
813463,1
814036,2
820232,4
824406,4
838875,1
843259,4
847305,1
852970,1
854854,2
858006,2
860080,4
863733,1
868456,2
869409,1
874289,1
883619,2
885216,2
894333,1
896965,1
897322,1
899223,4
921359,1
921598,2
921888,4
923618,1
923745,4
929659,4
932328,4
933633,1
935990,1
936009,2
938487,1
939871,4
948333,4
949780,4
952786,2
955544,5
984877,1
988386,2
988448,1
996141,4
997588,3
1003087,1
1098849,5
1280807,4
1593570,2
1772438,1
2048033,4
2406958,1
2444397,4
2518402,5
2684665,2
2759830,2
2814183,2
2993710,1
3018423,2
3065843,2
3068662,2
3101434,2
3145435,1
3306945,1
3397785,2
3416819,2
3469567,2
3511314,1
6232,4
6860,2
20971,2
22257,1
30664,2
48587,1
75295,1
81079,2
84777,1
101953,2
116465,1
118243,2
127949,2
133177,2
146354,1
155170,2
157377,1
162794,2
163213,1
171693,2
181124,2
182884,1
184677,4
190888,2
192260,2
218709,2
226908,2
230886,2
243812,1
248916,1
256528,1
322642,2
334101,1
344332,2
353211,5
377908,1
394325,2
476541,4
487535,2
495861,1
500298,1
572579,2
573978,1
584257,4
604090,4
609590,1
636382,5
659118,2
675728,2
717419,2
738182,2
741671,1
776406,2
791283,2
803242,1
812476,1
828768,2
833539,1
834466,2
846092,2
885298,2
928160,4
961133,1
1038956,1
1405469,2
2518003,1
3370668,2
3637248,4
1190,1
3226,3
4458,5
6568,1
6613,2
7729,4
8549,2
9970,3
12595,4
13583,4
14329,2
15405,1
16186,2
16759,2
18828,2
21009,2
22574,2
23147,5
23202,4
24329,2
25047,1
26952,2
28918,1
29365,4
29791,2
29909,1
31274,2
31324,3
31765,4
32807,1
32971,2
34172,2
39258,1
43444,1
44906,4
44998,2
45941,2
46120,2
46527,2
48168,1
48903,1
50493,4
50588,1
52736,2
55166,4
57151,1
58035,1
58360,5
58947,1
60306,2
60476,1
61534,4
64199,1
67529,1
72109,2
73914,1
78741,2
79044,4
80340,3
82037,5
84886,2
86828,3
88587,1
89018,2
90169,1
100197,1
101776,5
107877,2
108283,1
113823,1
118798,2
119629,2
120163,1
120411,2
121584,5
121746,1
121778,4
122023,2
122252,1
123915,1
125528,4
128244,4
131603,1
133420,4
133988,5
135032,1
135378,2
137904,2
141683,4
142249,4
145443,1
147306,1
151769,1
152002,1
153915,2
158717,5
160054,4
163435,2
163977,4
164189,2
164750,1
165068,1
166383,5
167287,4
168958,1
169228,1
171220,5
172772,2
176332,3
177588,5
178135,2
178301,4
179764,1
183139,2
187413,2
194578,3
198426,2
199229,2
200968,4
202187,2
203710,2
203711,5
209019,4
212006,2
212810,2
214580,3
215041,4
215997,2
216212,2
217641,2
220312,2
222601,2
223197,2
228266,1
228371,2
233147,2
233300,4
251604,3
252026,2
252513,5
253296,1
253397,2
254411,4
255371,2
255377,5
257160,2
264617,1
265440,2
270060,2
276917,5
277977,2
278575,2
279395,1
290414,1
290775,2
296487,2
300035,3
306851,4
310533,2
314372,1
314923,4
317571,2
319956,1
321321,1
322765,4
323641,3
328824,1
331666,2
332536,2
334054,2
335937,1
338287,1
340364,1
342691,1
347451,2
350892,5
355052,1
357057,5
359016,2
363100,4
367459,3
372986,5
374126,1
376739,1
380704,2
380737,2
383056,4
385879,1
389213,1
397876,1
398909,2
399361,1
407300,2
409337,2
412393,4
421315,3
426564,4
443997,5
451183,2
461737,2
469286,1
473652,2
475932,2
479582,5
483563,4
486395,4
486645,2
490769,1
491174,3
494746,4
497277,3
497760,1
498241,4
509223,3
519954,2
520033,1
524522,2
536035,2
557905,4
558596,2
566448,1
566988,4
569402,4
572105,2
574035,2
574483,1
577701,1
579823,2
585210,1
585874,2
587608,2
588450,2
588943,1
593930,2
604924,1
614455,4
615489,1
616979,1
617980,3
630845,1
631535,4
633358,1
638632,4
639748,1
643755,2
646353,5
647246,4
654543,4
655273,1
663424,2
663455,4
665824,5
669057,2
670997,2
672411,2
674011,1
683065,2
683085,1
746407,1
747243,4
748421,4
749132,2
749743,4
750519,5
750925,1
753617,4
754055,1
754587,5
755792,1
758920,1
759187,4
760389,4
763301,1
763554,1
763831,1
765722,1
766533,3
766557,1
767068,1
767095,4
771297,1
775377,4
775446,1
778925,1
787702,4
788673,1
790078,2
791294,1
791609,4
794173,2
794419,2
797431,4
803513,2
804338,3
805208,1
805493,2
806168,4
806991,2
808003,1
813092,5
813910,1
815837,2
819946,2
825387,2
829717,4
830028,1
830319,1
831215,4
831448,4
831733,4
836312,4
838272,2
842379,4
844043,1
845443,2
848952,2
853926,5
855405,2
859509,3
862855,1
866769,2
883345,5
884251,2
885375,4
887806,2
913210,4
919282,4
919717,4
919853,2
920117,2
920939,2
923063,4
923705,5
925852,3
926021,1
926115,5
931105,4
932922,1
937397,2
938638,4
945900,1
946940,1
948171,4
949619,2
950805,1
954646,2
954964,4
959490,1
960674,1
978359,4
990368,4
997568,1
1039555,3
1061504,2
1194716,1
1292549,2
1431398,5
1456229,2
1506991,5
1743501,2
1781875,2
1836313,4
1968188,2
1988927,2
2010336,4
2055729,4
2059306,1
2064609,4
2368302,3
2377304,1
2393563,2
2455573,2
2468217,4
2593754,1
2701931,2
2800003,2
2939023,2
2940524,4
2960510,4
2995915,4
3064351,2
3161008,1
3190264,1
3206766,1
3288126,2
3407597,2
3427505,2
3449693,2
6855,2
11970,2
14724,2
44703,1
51740,5
66276,2
75329,1
110945,2
115733,1
117356,1
126168,4
142652,4
165830,4
166025,2
170758,1
179335,1
179379,2
190235,1
191983,1
197757,2
225690,2
244048,1
244711,1
247545,2
253232,4
261309,4
273105,2
285693,1
303422,1
313899,1
314050,1
320442,4
320470,4
329313,2
347639,1
385766,2
391519,1
392925,1
476744,4
487614,1
504169,2
530569,5
578028,1
578744,2
587631,2
609966,2
633313,2
637150,1
650525,2
651796,2
662149,5
664618,1
667738,2
680065,2
721416,4
753598,2
763670,5
776301,2
783025,2
793821,4
809334,2
814530,2
819894,1
848572,2
870646,4
921289,2
922811,2
951443,2
955647,1
963992,1
999790,4
1062118,4
2080238,1
2517606,1
3044549,4
3242655,1
2578,2
2867,4
3669,4
4553,1
4955,4
5980,1
7305,4
9218,2
10982,4
11506,2
11910,2
13101,5
14073,2
16438,2
16944,1
19029,3
20028,1
20760,5
20862,1
22981,3
23411,1
24113,4
25857,4
25965,2
26023,2
26432,4
28619,4
28692,2
31971,4
33316,1
35864,2
36468,4
36987,2
38061,1
39406,3
40501,5
40648,3
41899,2
42234,5
44663,2
47134,5
48123,2
49163,5
49180,1
49806,2
50520,2
53916,2
57188,1
57577,2
57923,2
58934,4
60679,2
64145,2
65093,1
66514,4
69060,3
69805,2
73553,2
73969,2
74340,2
77306,1
77536,2
77560,2
78532,1
79925,2
80149,2
80537,2
80609,4
80720,2
83106,1
84258,2
85445,2
86750,2
87741,3
87922,4
89021,1
90079,1
90174,4
91122,1
93566,4
93859,5
96701,4
97182,2
98189,2
100426,5
100627,2
100854,2
101628,2
103460,2
105462,1
106882,1
109421,4
110011,4
110104,1
110792,2
111794,1
113721,1
117001,1
117490,2
118503,2
118853,2
120412,1
120615,2
121157,1
121318,2
125465,5
125569,2
125829,2
127301,5
128141,2
128231,2
128585,1
129547,2
129591,1
129761,2
134051,2
138071,1
139475,1
142050,1
143749,4
144538,2
146088,2
147771,1
148004,1
149840,4
152312,1
154297,2
154822,1
155801,1
156950,4
158849,2
158888,2
163059,3
164504,4
165076,2
165077,1
166291,4
168126,2
168993,2
169480,1
169536,2
171994,1
172770,2
173007,2
175530,4
176148,1
177454,4
179636,4
180023,5
180503,2
181321,1
181817,4
183777,4
184199,1
185155,1
185383,5
186125,2
188190,3
188202,5
193444,3
197921,4
198532,1
198922,2
199194,2
202084,2
202344,1
203695,4
204708,4
204847,1
206167,4
206658,2
210143,1
210323,1
210425,4
211424,2
211483,5
211570,2
217963,1
218473,1
219287,2
220946,2
221426,4
222153,4
222959,1
224345,4
224925,2
228180,4
229157,2
230111,1
230784,1
232701,1
234192,4
234374,2
237668,2
239638,1
240923,2
242473,2
242949,1
243238,1
243777,5
245019,2
247699,3
249420,2
250976,5
251206,2
252509,1
253076,4
256482,2
257364,4
258514,3
259240,1
260384,1
261332,2
264430,2
269390,1
274520,1
274822,2
276592,5
276626,4
279308,2
280956,4
281225,4
282731,2
282752,1
282912,5
283538,2
284546,2
286092,5
287350,2
291235,4
293391,2
294197,2
294511,2
296402,2
297569,4
297955,1
299776,4
300013,5
300578,1
301404,1
301919,4
302026,3
302955,1
303651,4
305335,4
307025,4
307913,2
308625,5
309328,2
312657,2
313521,4
314155,1
319846,2
319945,1
321126,4
323194,2
324646,4
331400,2
333903,1
343396,1
345227,2
346684,4
349180,2
352171,1
354609,4
354883,1
358532,2
360948,1
363307,1
365542,4
367231,2
369183,1
371258,3
372201,2
375101,5
377035,1
377581,5
382671,4
385180,2
385393,1
387097,5
389378,2
391285,2
393031,1
398020,5
398653,4
401166,2
406657,4
407942,5
408696,2
409756,4
411745,1
414506,1
425105,1
428329,2
450883,4
450991,2
457692,4
457807,2
467853,2
475209,1
475511,1
478173,1
479204,4
479350,4
480099,4
480956,4
480984,4
483587,2
483716,4
486305,5
487271,2
488921,1
489207,2
502854,2
503247,1
503602,1
511257,1
518252,1
518313,4
524581,5
527024,4
529050,4
533042,1
544965,1
551872,2
554804,2
556199,4
556242,2
562030,1
562663,1
566984,1
569914,2
572499,1
572508,1
572578,4
575335,2
579037,2
582463,4
583478,4
583935,2
585189,1
586843,4
588112,1
590265,2
594113,2
594309,4
595969,1
597239,1
597314,3
606043,2
607053,3
621423,4
621944,1
621959,4
625736,2
631275,3
632986,1
633044,1
635930,4
636394,3
636511,3
641626,5
641709,4
645474,1
647156,4
651848,1
656021,2
657062,4
662545,2
664194,1
664346,4
666244,4
666623,3
666763,2
668302,1
669015,2
670273,1
671452,1
672918,1
673082,5
673114,2
674937,5
675495,2
678098,4
678769,4
679219,2
683658,1
691616,2
711954,3
717234,1
726942,3
739975,3
740569,4
741127,2
741731,2
743760,4
745318,5
746470,1
746915,2
750203,2
752770,1
752812,4
753094,2
754879,3
755030,2
757093,1
757335,5
759454,1
759998,2
760658,4
760977,4
762652,1
762921,5
763601,4
763747,1
768231,2
768241,1
769486,4
769616,2
770853,1
771470,2
772721,1
773147,2
774983,5
775254,4
775494,4
775588,1
776408,4
776562,2
776576,2
778656,1
779146,2
780948,4
782631,2
783250,1
784056,5
784535,3
789560,2
789754,2
792348,4
792583,5
793425,4
793456,4
794257,4
795841,1
795905,2
796914,2
798751,4
799348,4
800492,5
800695,2
801573,1
802745,1
803026,4
803469,1
804635,4
805332,4
807294,5
807489,1
808388,4
811392,5
811395,2
812040,1
812480,2
812877,2
818576,2
820999,2
823762,2
825793,2
828349,1
830063,1
837486,1
837526,4
840523,4
841870,4
845196,2
845625,2
847880,5
850693,2
852405,2
852842,2
855356,5
855836,4
858788,4
861600,4
862902,2
865440,1
866215,2
867307,2
869708,2
884269,4
886261,2
888262,2
888394,2
890799,1
891575,4
893719,2
894827,1
894930,2
895365,2
896600,3
896817,2
897035,4
898331,2
903009,1
911622,1
915835,3
918111,4
918400,1
919418,4
919928,1
921306,4
921384,2
922911,5
923332,4
926085,2
929776,5
931015,4
933621,2
933927,1
935413,1
935456,1
936195,2
938878,1
942252,1
944293,2
945711,1
948080,4
951375,2
952834,1
958444,1
958839,2
959775,5
987643,2
988307,3
988529,4
988655,1
990384,3
992857,1
996795,2
1000177,4
1002017,1
1011315,2
1013109,4
1211412,2
1273359,1
1536402,4
1573712,2
1585751,2
1608941,4
1811373,4
1839912,1
1971972,1
2006721,4
2016362,5
2034242,4
2043318,1
2060288,1
2110284,1
2120504,4
2395521,4
2397707,4
2546653,2
2640328,4
2742344,4
2877945,2
2996996,4
3061665,1
3102954,2
3117973,2
3145761,1
3145947,3
3178543,1
3188027,2
3278115,4
3313123,1
3413511,2
3416601,1
3474579,1
3480388,1
3486253,1
3535210,4
3413,5
14263,2
20919,4
31441,2
36312,4
40294,1
45745,2
57488,2
65862,2
70704,1
78467,4
97325,4
122037,1
124248,1
132095,2
149173,5
153503,2
155563,2
163198,1
163577,1
171854,1
172041,1
189701,2
196200,2
203764,2
205442,4
206538,2
211435,5
212200,2
230667,2
245039,2
253861,2
256831,1
288350,2
292559,2
293897,1
317129,1
330061,1
355998,2
361973,1
395819,2
476356,2
485118,4
497236,4
566138,2
570046,1
585092,2
593129,1
595559,1
617336,1
683921,1
742980,1
746707,2
753104,2
765585,2
767816,2
780955,2
784811,1
786080,2
792051,2
806601,2
826660,1
842492,5
845775,1
948557,4
954322,1
961152,4
1002468,4
1084430,2
1528006,5
2401289,2
2437431,5
2540309,1
3256615,1
3319054,2
3376900,4
3379291,1
3659356,1
74,4
589,2
1163,5
1266,5
1589,5
1611,4
2252,4
2273,2
3015,1
3056,2
3627,4
4358,1
5366,1
7230,4
8591,4
9490,4
11041,1
11046,4
11210,2
11242,1
11608,2
11620,2
11664,4
12570,1
12671,3
12802,2
13755,4
14201,1
14699,4
14931,1
16361,2
16574,5
17060,5
17882,2
18691,4
19392,4
19831,2
21008,1
22020,4
22602,3
23290,2
24139,4
24152,1
24568,2
25142,2
25236,4
25394,4
26161,1
26510,1
26637,3
27102,1
28166,1
28316,5
28863,4
29978,4
31442,1
31617,4
31823,1
31969,2
32045,2
32301,4
32333,2
32366,1
32409,2
32836,1
34867,1
34880,4
35464,2
35587,3
36310,4
36402,2
36537,4
36645,2
37658,2
38291,5
38977,4
39342,4
41976,3
43348,4
44776,2
44994,1
45287,2
45379,4
46345,5
46626,5
47401,4
48126,1
48806,1
49797,2
50967,1
51230,4
51603,5
55778,4
56193,2
57205,2
57497,3
57636,4
59503,1
59758,3
59989,4
61041,1
61582,1
61637,2
61792,4
62455,4
62609,2
62729,2
63340,3
64817,4
64954,2
65040,4
66869,3
67539,4
68155,2
68738,2
68898,2
70027,5
70586,2
71166,2
71373,4
72861,1
72998,1
73421,1
73444,4
73605,2
74776,2
74853,4
74857,1
75665,1
77698,5
77952,4
78137,2
80443,1
80494,5
80657,1
81836,2
82993,4
83859,4
85271,3
85806,4
86822,2
89071,1
89828,5
89870,1
90018,4
90376,4
90945,4
91651,4
91763,4
92208,4
92303,4
92507,4
93872,2
94764,5
94890,2
96944,1
97200,3
97426,2
97786,3
97949,2
98278,1
98688,3
98707,3
99032,4
99449,4
99508,4
99770,1
99888,1
100659,5
100840,1
101415,1
102750,3
103033,2
103449,2
103600,5
108265,2
108340,4
108774,5
109012,2
109202,3
109263,4
109414,3
109628,2
109669,2
109784,1
110454,5
110564,2
111934,2
111963,2
112204,4
113082,1
115079,2
116087,3
118128,4
118327,4
118384,2
118665,2
119655,1
121459,4
121863,4
122198,2
122738,5
123345,5
123363,3
123515,1
125088,2
126287,2
126731,3
126782,2
126903,5
127337,1
127889,1
127898,4
129254,1
129945,2
130418,4
130552,2
130686,5
131178,2
131285,2
131624,4
131841,2
131866,4
132710,4
132849,2
133528,1
133957,4
135740,1
137137,5
137980,1
138271,2
138560,2
138837,1
139212,4
139709,1
140521,2
141774,2
142963,2
143224,1
143490,4
143781,2
144349,2
144629,2
145543,5
146478,4
146551,3
146748,2
147468,1
147481,5
147638,2
148227,4
148355,4
149166,5
150181,4
150998,1
153129,2
153630,2
153933,1
156122,3
156749,4
157063,1
158765,2
159312,5
159406,1
159410,3
159655,3
161637,1
161830,1
163256,1
163386,3
163570,4
163835,2
164175,3
165294,3
165354,4
165736,4
166767,5
167386,3
168110,4
169239,1
169317,3
169526,4
169856,2
169948,1
170228,4
170625,1
170688,2
170690,5
171150,4
172205,4
173487,4
173988,4
174132,2
175291,1
175379,3
176083,2
176256,4
178051,2
178143,4
178166,5
178345,4
178371,4
178549,2
178621,4
178906,4
179105,5
179191,2
181329,4
183715,1
184267,4
184451,1
184471,3
184637,1
185543,4
186096,3
186440,3
186481,1
186545,2
187422,4
188843,5
189831,5
190012,5
190531,2
190550,5
192338,3
193025,1
193160,2
193342,3
193802,5
194039,4
195368,1
196254,4
197460,5
197475,4
198302,3
199089,3
200322,1
200448,1
201022,5
201593,3
201667,4
201958,1
202089,1
202554,2
203670,1
204714,5
204850,1
205520,1
207290,5
207360,4
207735,4
208303,5
208893,2
210142,2
210276,2
210430,2
211578,2
213273,4
214383,1
214546,2
215803,5
217994,1
218885,1
219334,1
219966,3
220024,3
220967,1
221660,1
221803,5
223523,2
225178,1
225607,5
226331,4
226420,2
227487,5
228889,2
230105,3
231225,4
234844,2
235923,4
238245,1
238297,4
239961,1
240009,2
241635,2
241724,1
242343,1
242578,2
243418,2
243933,2
244073,4
244254,2
244537,1
245292,1
245513,3
246127,1
246487,4
246768,1
246947,2
247004,1
247824,4
247963,1
248885,1
250798,4
251033,2
251210,1
251474,1
251851,2
251925,1
252315,4
253137,4
254535,1
255051,1
255704,3
256557,4
257544,5
258567,4
259270,1
259561,3
261087,4
261623,4
263995,5
266534,4
266952,2
268990,4
270243,1
272713,5
275991,4
277059,4
277496,1
279315,2
280445,2
280692,3
280960,4
281564,2
281953,1
286518,4
286530,4
286639,1
286660,1
287092,4
287259,5
287604,2
289058,5
289177,1
290853,5
293448,1
295976,2
296601,2
298225,3
298766,1
299567,4
300245,5
300801,1
302765,4
302774,3
304102,3
307083,4
307332,3
308013,5
308932,2
309839,1
310455,3
310724,4
310789,2
312464,2
313128,2
314576,2
315142,4
316269,2
316611,3
318966,2
319425,3
320426,4
322279,2
322339,2
322365,4
326540,1
328956,1
329883,1
329978,3
332641,2
333175,5
333766,1
334243,2
335431,5
338179,1
338593,1
340446,2
342768,5
344609,4
347741,4
350585,2
351842,1
351908,3
352248,1
352524,1
352575,2
352770,4
354631,2
356422,5
358055,2
358641,4
359123,4
359555,5
363327,3
366889,5
367156,2
367417,2
368578,4
369955,2
376888,1
384920,2
385611,4
388198,3
388972,4
389979,5
392856,4
394013,4
395633,4
396154,1
397156,1
397794,4
397880,2
398892,5
399249,2
400279,2
400815,4
402117,4
404529,1
405494,2
406575,2
406898,1
409985,1
411487,2
412134,1
413405,1
414016,1
415239,2
417607,2
418519,2
420539,2
422658,5
423467,2
424928,2
428725,4
444140,4
447241,1
448207,2
450398,4
450700,4
453009,4
458887,5
459860,3
460389,2
460390,4
463435,2
465387,4
467382,4
468218,2
470588,2
471645,4
472735,1
473909,4
474648,1
475010,2
475980,1
476248,3
476558,3
477377,2
479113,1
480472,5
481827,1
483473,3
484890,1
485191,4
485689,2
486115,2
487219,4
487357,4
487663,4
488394,2
489606,1
490141,4
490554,3
490620,4
491802,3
491996,2
492670,1
493412,1
494537,5
494774,4
495288,4
496370,4
499745,4
499780,2
501802,4
502806,1
502978,4
502989,4
503283,2
504928,4
507955,4
515156,2
515251,4
515641,4
516706,1
517796,4
519637,1
521564,2
521674,1
524634,4
535892,5
537444,3
543045,4
550940,4
552576,4
556292,3
558490,3
559927,1
560554,2
561037,4
561715,3
562144,2
567294,2
567374,5
567959,1
568622,5
568956,5
569064,4
569256,1
569644,1
571472,4
573241,3
574057,1
575379,1
577590,2
582629,3
583843,4
583992,4
584695,2
584923,4
588145,4
588246,4
589256,2
591048,4
591220,5
591620,1
591902,1
597269,4
600386,2
600637,1
600640,5
601697,2
603036,1
603621,2
604702,4
608135,5
611007,4
611881,4
612095,4
614339,1
614982,4
615304,4
617370,2
618230,5
618726,2
620121,2
620126,2
620386,4
620603,4
620759,1
621112,1
623443,5
626310,1
628684,4
628912,1
631071,5
635413,2
635822,4
637022,1
639697,1
641111,2
642354,1
642796,1
643682,1
644216,1
647834,4
648097,3
654490,2
660244,4
660401,3
661525,3
662225,4
663255,2
664457,2
668127,4
668222,3
672498,1
672835,4
673883,2
674163,1
674417,1
675351,2
675500,2
677089,1
677352,2
677842,4
678459,2
678852,5
680003,2
681718,2
683686,4
684240,1
684830,1
694273,4
694411,1
695019,5
710448,3
716022,4
720786,2
722448,4
723868,1
737969,1
738674,2
739713,5
740833,2
741236,4
741512,4
741692,4
742673,5
743623,2
744075,2
744548,2
746182,4
747761,4
748262,1
748773,2
748827,5
748933,2
751256,4
752022,4
752094,1
752150,2
752303,3
752613,1
752673,1
752945,3
753098,4
753570,5
755745,4
756518,1
756740,3
756772,2
758208,2
759694,5
759822,5
760238,2
761064,1
761108,3
761109,1
761341,4
762496,4
763611,3
765494,1
766354,1
766444,4
767129,1
767139,4
767404,5
767558,3
768010,4
768455,4
771269,2
772976,5
773642,1
774956,1
775694,4
775850,1
777009,3
777054,5
777466,5
778526,4
778960,3
780616,3
781370,4
782191,4
784122,1
786228,4
786245,3
786402,1
787696,3
787757,1
788347,5
790496,5
792018,2
792190,1
793108,2
793898,2
793913,4
794161,5
794306,3
795271,1
795387,2
796710,1
796957,2
797470,2
797881,1
798543,2
798658,5
799771,2
800332,2
800926,2
801615,2
802048,2
802264,1
802464,4
804516,2
805216,5
805345,4
806523,1
806740,4
807026,4
807181,2
808155,4
808212,4
808613,5
809446,3
809765,4
809900,1
810166,2
810592,4
810996,4
811178,2
812741,3
812802,3
813175,1
814220,5
816267,5
816895,2
817000,2
817011,1
818254,2
818366,2
818593,5
818627,4
821252,1
822089,4
823482,1
824219,1
825209,3
826364,5
826936,4
827367,2
830375,2
830890,2
832507,4
832833,1
833782,4
834673,1
835085,2
835506,2
836017,2
836313,4
836737,4
837311,2
837328,2
838241,2
838414,2
838847,4
838884,5
839037,4
840289,3
840812,4
841160,2
841881,4
841950,4
843106,2
843607,3
844440,2
845668,2
845918,4
846671,2
847970,3
848913,1
850161,4
851205,1
851240,4
852399,2
852718,5
852810,3
853254,1
853492,2
855034,4
855619,2
855773,1
857887,3
861057,2
861321,3
862583,1
863774,5
866767,2
883069,1
885138,4
885387,4
886648,3
887235,3
889097,1
889276,2
890559,4
892586,1
893383,4
894531,2
896041,1
896309,4
897214,2
897783,1
900349,2
902138,3
907816,2
911827,4
914671,1
918140,4
918569,1
919598,4
919846,1
920004,3
921024,4
921542,1
921554,2
922301,3
922398,4
923208,4
925528,4
925635,4
925636,3
927278,5
927795,2
929673,1
930651,5
931231,4
933809,1
934243,4
934350,2
934801,5
935117,1
936126,4
936521,5
936658,2
938337,2
939033,4
942498,2
942624,2
943649,5
946966,1
947576,2
948625,4
949025,2
949204,4
949211,4
949579,1
949980,2
950777,2
951589,4
951825,2
952503,1
952516,5
953552,4
953875,4
954592,1
954694,2
955936,2
956088,2
956093,2
964011,1
977209,4
985047,1
985076,4
986695,1
987384,1
988638,2
989528,4
989540,1
992260,2
993494,1
1000558,4
1002889,2
1003907,4
1006451,4
1013037,1
1019633,2
1032216,5
1032454,4
1033109,4
1041338,1
1050323,4
1061368,4
1072783,5
1312035,4
1390230,1
1391526,4
1393658,2
1422105,3
1451327,4
1453090,1
1465422,4
1469476,3
1507678,5
1518379,4
1563731,2
1591840,2
1598199,5
1606776,1
1619044,4
1620705,2
1629657,4
1717415,1
1768491,5
1913210,1
1953486,4
1960811,1
1973181,2
2114297,2
2115414,4
2142940,2
2284226,1
2289986,2
2312742,2
2336424,1
2355957,2
2363198,4
2366358,4
2370408,3
2394289,4
2412330,1
2424501,4
2440425,2
2450537,4
2526137,4
2532578,2
2564904,4
2571020,1
2575506,2
2577357,2
2619843,5
2620029,1
2660270,1
2681783,3
2693354,4
2754189,5
2795896,4
2802487,2
2806733,2
2823663,2
2824778,1
2896351,4
2923522,4
2948162,1
2991317,4
3020237,4
3052730,4
3052733,4
3077599,2
3088724,5
3103730,1
3115003,2
3125793,5
3139368,2
3153419,1
3171799,4
3200278,2
3200736,2
3206669,4
3216219,4
3224219,4
3227782,2
3237096,2
3239681,4
3272048,2
3281115,3
3315236,2
3316228,4
3329291,5
3337670,1
3347207,4
3383741,2
3406269,4
3408531,4
3411865,4
3435164,1
3441660,2
3445208,3
3460695,5
3462983,4
3474187,5
3495279,4
3513172,2
3559122,2
3661738,2
3670556,1
13038,1
18176,4
21492,2
35719,4
36816,2
41398,5
46214,5
46429,4
51066,5
61273,4
64830,5
67131,1
71636,5
74397,5
76788,1
81248,1
81433,2
84387,4
107247,2
107950,5
128881,4
130922,5
131029,4
145489,5
146544,5
151469,1
161173,2
174506,2
177372,4
177856,2
180516,4
183699,2
184406,2
185810,5
188809,4
194743,2
202033,1
202162,2
210757,2
216986,4
223683,4
225309,2
225389,5
225944,1
234488,2
236287,2
243611,5
245133,5
249238,1
251437,3
266503,1
283015,2
288985,1
292876,4
294126,1
294941,1
297839,1
307135,4
315909,2
340527,2
342833,1
406589,4
406733,5
413683,2
448152,4
450786,1
463663,4
494355,2
499683,5
515750,2
518937,4
528243,1
548336,1
552325,1
559501,5
579234,2
601421,4
622277,4
626115,2
630603,2
631667,4
635425,4
642427,2
657329,1
669473,1
671156,1
689836,1
692100,2
744736,1
747561,1
749272,2
751738,4
762618,2
765773,1
782375,4
793848,2
797205,5
806822,1
808416,1
813485,5
814340,5
820780,2
827859,4
829033,1
833610,2
852665,1
867862,1
869364,1
887719,4
907868,4
912566,5
931567,2
937242,2
945687,1
955700,5
983872,2
985124,4
1233067,5
1409777,4
1435165,5
2063135,4
2085875,4
2141576,1
2142078,4
2649123,1
2729330,1
2869578,4
2899881,4
2921660,2
3043787,2
3045620,2
3099573,1
3120458,4
3308665,4
3359519,4
3381566,4
3410250,1
3455945,2
3639618,4
